-- phpMyAdmin SQL Dump
-- version 5.1.0
-- https://www.phpmyadmin.net/
--
-- Host: 127.0.0.1
-- Waktu pembuatan: 13 Des 2021 pada 05.04
-- Versi server: 10.4.19-MariaDB
-- Versi PHP: 7.3.28

SET SQL_MODE = "NO_AUTO_VALUE_ON_ZERO";
START TRANSACTION;
SET time_zone = "+00:00";


/*!40101 SET @OLD_CHARACTER_SET_CLIENT=@@CHARACTER_SET_CLIENT */;
/*!40101 SET @OLD_CHARACTER_SET_RESULTS=@@CHARACTER_SET_RESULTS */;
/*!40101 SET @OLD_COLLATION_CONNECTION=@@COLLATION_CONNECTION */;
/*!40101 SET NAMES utf8mb4 */;

--
-- Database: `oee`
--

-- --------------------------------------------------------

--
-- Struktur dari tabel `line`
--

CREATE TABLE `line` (
  `id` int(11) NOT NULL,
  `line` varchar(255) NOT NULL
) ENGINE=InnoDB DEFAULT CHARSET=utf8mb4;

--
-- Dumping data untuk tabel `line`
--

INSERT INTO `line` (`id`, `line`) VALUES
(1, 'LINE-1'),
(2, 'LINE-2'),
(3, 'LINE-3'),
(4, 'LINE-4'),
(5, 'LINE-5');

-- --------------------------------------------------------

--
-- Struktur dari tabel `log`
--

CREATE TABLE `log` (
  `id` int(11) NOT NULL,
  `serial_number` varchar(255) NOT NULL,
  `judgement` varchar(255) NOT NULL,
  `line` varchar(255) NOT NULL,
  `model` varchar(255) NOT NULL,
  `shift` int(11) NOT NULL,
  `station` varchar(255) NOT NULL,
  `intrvl` int(11) DEFAULT NULL,
  `created_at` timestamp NOT NULL DEFAULT current_timestamp()
) ENGINE=InnoDB DEFAULT CHARSET=utf8mb4;

--
-- Dumping data untuk tabel `log`
--

INSERT INTO `log` (`id`, `serial_number`, `judgement`, `line`, `model`, `shift`, `station`, `intrvl`, `created_at`) VALUES
(1, 'HG00K2PJ10000002', 'NG', 'LINE-5', 'K1ZAN0', 1, 'PDI', NULL, '2021-12-07 06:47:01'),
(2, 'HG00K2PJ10000002', 'OK', 'LINE-5', 'K1ZAN0', 1, 'PDI', NULL, '2021-12-07 06:47:38'),
(3, 'HG00K2PJ10000002', 'OK', 'LINE-5', 'K1ZAN0', 1, 'PDI', NULL, '2021-12-07 06:47:40'),
(4, 'HG00K2PJ10000004', 'OK', 'LINE-5', 'K1ZAN0', 1, 'PDI', NULL, '2021-12-07 06:47:42'),
(5, 'HG00K2PJ10000005', 'OK', 'LINE-5', 'K1ZAN0', 1, 'PDI', NULL, '2021-12-07 06:47:44'),
(6, 'HG00K2PJ10000006', 'NG', 'LINE-5', 'K1ZAN0', 1, 'PDI', NULL, '2021-12-07 06:47:52'),
(7, 'HG00K2PJ10000007', 'NG', 'LINE-5', 'K1ZAN0', 1, 'PDI', NULL, '2021-12-07 06:47:55'),
(8, 'HG00K2PJ10000008', 'OK', 'LINE-5', 'K1ZAN0', 1, 'PDI', NULL, '2021-12-07 06:47:58'),
(9, 'HG00K2PJ10000009', 'OK', 'LINE-5', 'K1ZAN0', 1, 'PDI', NULL, '2021-12-07 06:48:05'),
(10, 'HG00K2PJ10000010', 'OK', 'LINE-5', 'K1ZAN0', 1, 'PDI', NULL, '2021-12-07 06:48:11'),
(11, 'HG00K2PJ10000011', 'OK', 'LINE-5', 'K1ZAN0', 1, 'PDI', NULL, '2021-12-07 06:58:32'),
(12, 'HG00K2PJ10000012', 'NG', 'LINE-5', 'K1ZAN0', 1, 'PDI', NULL, '2021-12-07 09:30:59'),
(13, 'HG00K2PJ10000013', 'NG', 'LINE-5', 'K1ZAN0', 1, 'PDI', NULL, '2021-12-07 09:31:06'),
(14, 'HG00K2PJ10000014', 'NG', 'LINE-5', 'K1ZAN0', 1, 'PDI', NULL, '2021-12-07 09:31:08'),
(15, 'HG00K2PJ10000015', 'NG', 'LINE-5', 'K1ZAN0', 1, 'PDI', NULL, '2021-12-07 09:31:10'),
(16, 'HG00K2PJ10000016', 'NG', 'LINE-5', 'K1ZAN0', 1, 'PDI', NULL, '2021-12-07 09:31:13'),
(17, 'HG00K2PJ10000017', 'NG', 'LINE-5', 'K1ZAN0', 1, 'PDI', NULL, '2021-12-07 09:31:17'),
(18, 'HG00K2PJ10000018', 'NG', 'LINE-5', 'K1ZAN0', 1, 'PDI', NULL, '2021-12-07 09:31:20'),
(19, 'HG00K2PJ10000019', 'NG', 'LINE-5', 'K1ZAN0', 1, 'PDI', NULL, '2021-12-07 09:31:23'),
(20, 'HG00K2PJ10000020', 'NG', 'LINE-5', 'K1ZAN0', 1, 'PDI', NULL, '2021-12-07 09:31:27'),
(21, 'HG00K2PJ10000021', 'NG', 'LINE-5', 'K1ZAN0', 1, 'PDI', NULL, '2021-12-08 01:00:00'),
(22, 'HG00K2PJ10000022', 'NG', 'LINE-5', 'K1ZAN0', 1, 'PDI', NULL, '2021-12-08 01:00:11'),
(23, 'HG00K2PJ10000023', 'OK', 'LINE-5', 'K1ZAN0', 1, 'PDI', NULL, '2021-12-08 01:00:12'),
(24, 'HG00K2PJ10000024', 'NG', 'LINE-5', 'K1ZAN0', 1, 'PDI', NULL, '2021-12-08 01:00:16'),
(25, 'HG00K2PJ10000025', 'NG', 'LINE-5', 'K1ZAN0', 1, 'PDI', NULL, '2021-12-08 01:00:18'),
(26, 'HG00K2PJ10000026', 'NG', 'LINE-5', 'K1ZAN0', 1, 'PDI', NULL, '2021-12-08 01:00:20'),
(27, 'HG00K2PJ10000027', 'NG', 'LINE-5', 'K1ZAN0', 2, 'PDI', NULL, '2021-12-08 01:01:22'),
(28, 'HG00K2PJ10000028', 'NG', 'LINE-5', 'K1ZAN0', 2, 'PDI', NULL, '2021-12-08 01:01:45'),
(29, 'HG00K2PJ10000029', 'NG', 'LINE-5', 'K1ZAN0', 2, 'PDI', NULL, '2021-12-08 01:01:54'),
(30, 'HG00K2PJ10000030', 'NG', 'LINE-5', 'K1ZAN0', 2, 'PDI', NULL, '2021-12-08 01:01:56'),
(31, 'DS00K2SA10001000', 'OK', 'LINE-2', 'K2SA', 2, 'PDI', NULL, '2021-12-09 07:48:46'),
(32, 'DS00K2SA10001001', 'OK', 'LINE-2', 'K2SA', 2, 'PDI', NULL, '2021-12-09 07:48:48'),
(33, 'DS00K2SA10001002', 'OK', 'LINE-2', 'K2SA', 2, 'PDI', NULL, '2021-12-09 07:48:50'),
(34, 'DS00K2SA10001003', 'OK', 'LINE-2', 'K2SA', 2, 'PDI', NULL, '2021-12-09 07:48:51'),
(35, 'DS00K2SA10001004', 'OK', 'LINE-2', 'K2SA', 2, 'PDI', NULL, '2021-12-09 07:48:52'),
(36, 'DS00K2SA10001005', 'OK', 'LINE-2', 'K2SA', 2, 'PDI', NULL, '2021-12-09 07:48:53'),
(37, 'DS00K2SA10001006', 'OK', 'LINE-2', 'K2SA', 2, 'PDI', NULL, '2021-12-09 07:48:54'),
(38, 'DS00K2SA10001007', 'OK', 'LINE-2', 'K2SA', 2, 'PDI', NULL, '2021-12-09 07:48:56'),
(39, 'DS00K2SA10001008', 'OK', 'LINE-2', 'K2SA', 2, 'PDI', NULL, '2021-12-09 07:48:57'),
(40, 'DS00K2SA10001009', 'OK', 'LINE-2', 'K2SA', 2, 'PDI', NULL, '2021-12-09 07:49:01'),
(41, 'DS00K2SA10001010', 'OK', 'LINE-2', 'K2SA', 2, 'PDI', NULL, '2021-12-09 07:49:06'),
(42, 'DS00K2SA10001011', 'OK', 'LINE-2', 'K2SA', 2, 'PDI', NULL, '2021-12-09 07:49:09'),
(43, 'DS00K2SA10001012', 'OK', 'LINE-2', 'K2SA', 2, 'PDI', NULL, '2021-12-09 07:49:10'),
(44, 'DS00K2SA10001013', 'OK', 'LINE-2', 'K2SA', 2, 'PDI', NULL, '2021-12-09 07:49:11'),
(45, 'DS00K2SA10001014', 'OK', 'LINE-2', 'K2SA', 2, 'PDI', NULL, '2021-12-09 07:49:46'),
(46, 'DS00K2SA10001015', 'OK', 'LINE-2', 'K2SA', 2, 'PDI', NULL, '2021-12-09 07:49:48'),
(47, 'DS00K2SA10001016', 'OK', 'LINE-2', 'K2SA', 2, 'PDI', NULL, '2021-12-09 07:49:50'),
(48, 'DS00K2SA10001017', 'OK', 'LINE-2', 'K2SA', 2, 'PDI', NULL, '2021-12-09 07:49:52'),
(49, 'DS00K2SA10001018', 'OK', 'LINE-2', 'K2SA', 2, 'PDI', NULL, '2021-12-09 07:49:53'),
(50, 'DS00K2SA10001019', 'OK', 'LINE-2', 'K2SA', 2, 'PDI', NULL, '2021-12-09 07:49:55'),
(51, 'DS00K2SA10001020', 'OK', 'LINE-2', 'K2SA', 2, 'PDI', NULL, '2021-12-09 07:49:57'),
(52, 'DS00K2SA10001021', 'OK', 'LINE-2', 'K2SA', 2, 'PDI', NULL, '2021-12-09 07:50:01'),
(53, 'DS00K2SA10001022', 'OK', 'LINE-2', 'K2SA', 2, 'PDI', NULL, '2021-12-09 07:50:02'),
(54, 'DS00K2SA10001023', 'OK', 'LINE-2', 'K2SA', 2, 'PDI', NULL, '2021-12-09 07:50:03'),
(55, 'DS00K2SA10001024', 'OK', 'LINE-2', 'K2SA', 2, 'PDI', NULL, '2021-12-09 07:50:04'),
(56, 'DS00K2SA10001025', 'OK', 'LINE-2', 'K2SA', 2, 'PDI', NULL, '2021-12-09 07:50:06'),
(57, 'DS00K2SA10001026', 'OK', 'LINE-2', 'K2SA', 2, 'PDI', NULL, '2021-12-09 07:50:08'),
(58, 'DS00K2SA10001027', 'OK', 'LINE-2', 'K2SA', 2, 'PDI', NULL, '2021-12-09 07:50:09'),
(59, 'DS00K2SA10001028', 'OK', 'LINE-2', 'K2SA', 2, 'PDI', NULL, '2021-12-09 07:50:10'),
(60, 'DS00K2SA10001029', 'OK', 'LINE-2', 'K2SA', 2, 'PDI', NULL, '2021-12-09 07:50:12'),
(61, 'DS00K2SA10001030', 'OK', 'LINE-2', 'K2SA', 2, 'PDI', NULL, '2021-12-09 07:50:14'),
(62, 'DS00K2SA10001031', 'OK', 'LINE-2', 'K2SA', 2, 'PDI', NULL, '2021-12-09 07:50:18'),
(63, 'DS00K2SA10001032', 'OK', 'LINE-2', 'K2SA', 2, 'PDI', NULL, '2021-12-09 07:50:19'),
(64, 'DS00K2SA10001033', 'OK', 'LINE-2', 'K2SA', 2, 'PDI', NULL, '2021-12-09 07:50:20'),
(65, 'DS00K2SA10001034', 'OK', 'LINE-2', 'K2SA', 2, 'PDI', NULL, '2021-12-09 07:50:22'),
(66, 'DS00K2SA10001035', 'OK', 'LINE-2', 'K2SA', 2, 'PDI', NULL, '2021-12-09 07:50:23'),
(67, 'DS00K2SA10001036', 'OK', 'LINE-2', 'K2SA', 2, 'PDI', NULL, '2021-12-09 07:50:26'),
(68, 'DS00K2SA10001037', 'OK', 'LINE-2', 'K2SA', 2, 'PDI', NULL, '2021-12-09 07:50:27'),
(69, 'DS00K2SA10001038', 'OK', 'LINE-2', 'K2SA', 2, 'PDI', NULL, '2021-12-09 07:50:29'),
(70, 'DS00K2SA10001039', 'OK', 'LINE-2', 'K2SA', 2, 'PDI', NULL, '2021-12-09 07:50:30'),
(71, 'DS00K2SA10001040', 'OK', 'LINE-2', 'K2SA', 2, 'PDI', NULL, '2021-12-09 07:50:32'),
(72, 'DS00K2SA10001041', 'OK', 'LINE-2', 'K2SA', 2, 'PDI', NULL, '2021-12-09 07:50:35'),
(73, 'DS00K2SA10001042', 'OK', 'LINE-2', 'K2SA', 2, 'PDI', NULL, '2021-12-09 07:50:38'),
(74, 'DS00K2SA10001043', 'OK', 'LINE-2', 'K2SA', 2, 'PDI', NULL, '2021-12-09 07:50:39'),
(75, 'DS00K2SA10001044', 'OK', 'LINE-2', 'K2SA', 2, 'PDI', NULL, '2021-12-09 07:50:47'),
(76, 'DS00K2SA10001045', 'NG', 'LINE-2', 'K2SA', 2, 'PDI', NULL, '2021-12-09 07:50:49'),
(77, 'DS00K2SA10001045', 'OK', 'LINE-2', 'K2SA', 2, 'PDI', NULL, '2021-12-09 07:50:52'),
(78, 'DS00K2SA10001046', 'NG', 'LINE-2', 'K2SA', 2, 'PDI', NULL, '2021-12-09 07:50:54'),
(79, 'DS00K2SA10001048', 'OK', 'LINE-2', 'K2SA', 2, 'PDI', NULL, '2021-12-09 07:51:20'),
(80, 'DS00K2SA10001049', 'OK', 'LINE-2', 'K2SA', 2, 'PDI', NULL, '2021-12-09 07:51:23'),
(81, 'DS00K2SA10001047', 'NG', 'LINE-2', 'K2SA', 2, 'PDI', NULL, '2021-12-09 08:08:55'),
(113, 'HG10K59J11110001', 'NG', 'LINE-2', 'K59J', 2, 'PDI', NULL, '2021-12-10 03:44:07'),
(114, 'HG10K59J11110001', 'OK', 'LINE-2', 'K59J', 2, 'PDI', NULL, '2021-12-10 03:44:22'),
(115, 'HG10K59J11110002', 'OK', 'LINE-2', 'K59J', 2, 'PDI', NULL, '2021-12-10 03:44:25'),
(116, 'HG10K59J11110003', 'OK', 'LINE-2', 'K59J', 2, 'PDI', NULL, '2021-12-10 03:44:29'),
(117, 'HG10K59J11110004', 'OK', 'LINE-2', 'K59J', 2, 'PDI', NULL, '2021-12-10 03:44:52'),
(118, 'HG10K59J11110005', 'OK', 'LINE-2', 'K59J', 2, 'PDI', 761, '2021-12-10 03:52:13'),
(119, 'HG10K59J11110006', 'OK', 'LINE-2', 'K59J', 2, 'PDI', NULL, '2021-12-10 03:52:25'),
(120, 'HG10K59J11110007', 'OK', 'LINE-2', 'K59J', 2, 'PDI', NULL, '2021-12-10 03:52:27'),
(121, 'HG10K59J11110008', 'OK', 'LINE-2', 'K59J', 2, 'PDI', NULL, '2021-12-10 03:52:28'),
(122, 'HG10K59J11110009', 'OK', 'LINE-2', 'K59J', 2, 'PDI', NULL, '2021-12-10 03:52:29'),
(123, 'HG10K59J11110010', 'NG', 'LINE-2', 'K59J', 2, 'PDI', NULL, '2021-12-10 03:52:34'),
(124, 'HG10K59J11110010', 'NG', 'LINE-2', 'K59J', 2, 'PDI', NULL, '2021-12-10 03:52:35'),
(125, 'HG10K59J11110010', 'OK', 'LINE-2', 'K59J', 2, 'PDI', NULL, '2021-12-10 03:52:36'),
(126, 'HG10K59J11110011', 'OK', 'LINE-2', 'K59J', 2, 'PDI', NULL, '2021-12-10 03:52:37'),
(127, 'HG10K59J11110012', 'NG', 'LINE-2', 'K59J', 2, 'PDI', NULL, '2021-12-10 03:52:38'),
(128, 'HG10K59J11110012', 'OK', 'LINE-2', 'K59J', 2, 'PDI', NULL, '2021-12-10 03:52:41'),
(129, 'HG10K59J11110013', 'NG', 'LINE-2', 'K59J', 2, 'PDI', 305, '2021-12-10 03:55:46'),
(130, 'HG10K59J11110013', 'NG', 'LINE-2', 'K59J', 2, 'PDI', NULL, '2021-12-10 03:55:47'),
(131, 'HG10K59J11110013', 'NG', 'LINE-2', 'K59J', 2, 'PDI', NULL, '2021-12-10 03:55:48');

-- --------------------------------------------------------

--
-- Struktur dari tabel `model`
--

CREATE TABLE `model` (
  `id` int(11) NOT NULL,
  `line_id` int(11) NOT NULL,
  `model` varchar(255) NOT NULL
) ENGINE=InnoDB DEFAULT CHARSET=utf8mb4;

--
-- Dumping data untuk tabel `model`
--

INSERT INTO `model` (`id`, `line_id`, `model`) VALUES
(1, 1, 'K59J'),
(2, 1, 'K60R'),
(3, 2, 'K59J'),
(4, 2, 'K60R'),
(5, 2, 'K2SA'),
(6, 3, 'K2PG'),
(7, 3, 'K15P'),
(8, 5, 'K1ZAN1'),
(9, 5, 'K1ZAN0'),
(10, 5, 'K1ZAN6'),
(11, 5, 'K1ZAJ6'),
(12, 5, 'K1ZAJ1'),
(13, 5, 'K1ZAD1'),
(14, 5, 'K1ZAU1'),
(15, 5, 'K1ZAA1');

-- --------------------------------------------------------

--
-- Struktur dari tabel `request`
--

CREATE TABLE `request` (
  `id` int(11) NOT NULL,
  `model_id` int(11) NOT NULL,
  `qty` int(11) NOT NULL,
  `date` date NOT NULL,
  `shift` int(11) NOT NULL
) ENGINE=InnoDB DEFAULT CHARSET=utf8mb4;

--
-- Dumping data untuk tabel `request`
--

INSERT INTO `request` (`id`, `model_id`, `qty`, `date`, `shift`) VALUES
(1, 9, 10, '2021-12-07', 1),
(12, 5, 50, '2021-12-09', 2),
(21, 1, 15, '2021-12-10', 2),
(23, 7, 40, '2021-12-13', 1);

-- --------------------------------------------------------

--
-- Struktur dari tabel `transaksi`
--

CREATE TABLE `transaksi` (
  `id_transaksi` varchar(15) NOT NULL,
  `tanggal` date NOT NULL,
  `nama_barang` varchar(30) NOT NULL,
  `harga_barang` int(11) NOT NULL,
  `jumlah_beli` int(11) NOT NULL,
  `total_bayar` int(11) NOT NULL
) ENGINE=InnoDB DEFAULT CHARSET=latin1;

--
-- Dumping data untuk tabel `transaksi`
--

INSERT INTO `transaksi` (`id_transaksi`, `tanggal`, `nama_barang`, `harga_barang`, `jumlah_beli`, `total_bayar`) VALUES
('T-20181001-0001', '2018-10-01', 'Komputer', 7500000, 2, 15000000),
('T-20181001-0002', '2018-10-01', 'Laptop Axioo', 5200000, 1, 5200000),
('T-20181001-0003', '2018-10-01', 'Harddisk Toshiba 1 TB', 810000, 2, 1620000),
('T-20181001-0004', '2018-10-01', 'Keyboard', 90000, 20, 1800000),
('T-20181001-0005', '2018-10-01', 'Flasddisk', 60000, 15, 900000),
('T-20181001-0006', '2018-10-01', 'Laptop Asus', 7000000, 5, 35000000),
('T-20181001-0007', '2018-10-01', 'Kertas A4', 35000, 2, 70000),
('T-20181001-0008', '2018-10-01', 'Kertas F4', 45000, 5, 225000),
('T-20181001-0009', '2018-10-01', 'Laptop Acer', 5500000, 2, 11000000),
('T-20181001-0010', '2018-10-01', 'Mouse', 140000, 10, 1400000),
('T-20181001-0011', '2018-10-01', 'Flasddisk Toshiba', 65000, 20, 1300000),
('T-20181001-0012', '2018-10-01', 'Kabel USB', 25000, 5, 125000),
('T-20181001-0013', '2018-10-01', 'Printer Canon', 1550000, 3, 4650000),
('T-20181025-0014', '2018-10-25', 'Komputer', 7500000, 2, 15000000),
('T-20181025-0015', '2018-10-25', 'Laptop Axioo', 5200000, 1, 5200000),
('T-20181025-0016', '2018-10-25', 'Harddisk Toshiba 1 TB', 810000, 2, 1620000),
('T-20181025-0017', '2018-10-25', 'Keyboard', 90000, 20, 1800000),
('T-20181025-0018', '2018-10-25', 'Flasddisk', 60000, 15, 900000),
('T-20181025-0019', '2018-10-25', 'Laptop Asus', 7000000, 5, 35000000),
('T-20181025-0020', '2018-10-25', 'Kertas A4', 35000, 2, 70000),
('T-20181025-0021', '2018-10-25', 'Kertas F4', 45000, 5, 225000),
('T-20181025-0022', '2018-10-25', 'Laptop Acer', 5500000, 2, 11000000),
('T-20181025-0023', '2018-10-25', 'Mouse', 140000, 10, 1400000),
('T-20181025-0024', '2018-10-25', 'Flasddisk Toshiba', 65000, 20, 1300000),
('T-20181025-0025', '2018-10-25', 'Kabel USB', 25000, 5, 125000),
('T-20181025-0026', '2018-10-25', 'Printer Canon', 1550000, 3, 4650000),
('T-20181025-0027', '2018-10-25', 'Komputer', 7500000, 2, 15000000),
('T-20181025-0028', '2018-10-25', 'Laptop Axioo', 5200000, 1, 5200000),
('T-20181025-0029', '2018-10-25', 'Harddisk Toshiba 1 TB', 810000, 2, 1620000),
('T-20181025-0030', '2018-10-25', 'Keyboard', 90000, 20, 1800000),
('T-20181025-0031', '2018-10-25', 'Flasddisk', 60000, 15, 900000),
('T-20181025-0032', '2018-10-25', 'Laptop Asus', 7000000, 5, 35000000),
('T-20181025-0033', '2018-10-25', 'Kertas A4', 35000, 2, 70000),
('T-20181025-0034', '2018-10-25', 'Kertas F4', 45000, 5, 225000),
('T-20181025-0035', '2018-10-25', 'Laptop Acer', 5500000, 2, 11000000),
('T-20181025-0036', '2018-10-25', 'Mouse', 140000, 10, 1400000),
('T-20181025-0037', '2018-10-25', 'Flasddisk Toshiba', 65000, 20, 1300000),
('T-20181025-0038', '2018-10-25', 'Kabel USB', 25000, 5, 125000),
('T-20181025-0039', '2018-10-25', 'Printer Canon', 1550000, 3, 4650000),
('T-20181025-0040', '2018-10-25', 'Komputer', 7500000, 2, 15000000),
('T-20181025-0041', '2018-10-25', 'Laptop Axioo', 5200000, 1, 5200000),
('T-20181025-0042', '2018-10-25', 'Harddisk Toshiba 1 TB', 810000, 2, 1620000),
('T-20181025-0043', '2018-10-25', 'Keyboard', 90000, 20, 1800000),
('T-20181025-0044', '2018-10-25', 'Flasddisk', 60000, 15, 900000),
('T-20181025-0045', '2018-10-25', 'Laptop Asus', 7000000, 5, 35000000),
('T-20181025-0046', '2018-10-25', 'Kertas A4', 35000, 2, 70000),
('T-20181025-0047', '2018-10-25', 'Kertas F4', 45000, 5, 225000),
('T-20181025-0048', '2018-10-25', 'Laptop Acer', 5500000, 2, 11000000),
('T-20181025-0049', '2018-10-25', 'Mouse', 140000, 10, 1400000),
('T-20181025-0050', '2018-10-25', 'Flasddisk Toshiba', 65000, 20, 1300000),
('T-20181025-0051', '2018-10-25', 'Kabel USB', 25000, 5, 125000),
('T-20181025-0052', '2018-10-25', 'Printer Canon', 1550000, 3, 4650000),
('T-20181025-0053', '2018-10-25', 'Komputer', 7500000, 2, 15000000),
('T-20181025-0054', '2018-10-25', 'Laptop Axioo', 5200000, 1, 5200000),
('T-20181025-0055', '2018-10-25', 'Harddisk Toshiba 1 TB', 810000, 2, 1620000),
('T-20181025-0056', '2018-10-25', 'Keyboard', 90000, 20, 1800000),
('T-20181025-0057', '2018-10-25', 'Flasddisk', 60000, 15, 900000),
('T-20181025-0058', '2018-10-25', 'Laptop Asus', 7000000, 5, 35000000),
('T-20181025-0059', '2018-10-25', 'Kertas A4', 35000, 2, 70000),
('T-20181025-0060', '2018-10-25', 'Kertas F4', 45000, 5, 225000),
('T-20181025-0061', '2018-10-25', 'Laptop Acer', 5500000, 2, 11000000),
('T-20181025-0062', '2018-10-25', 'Mouse', 140000, 10, 1400000),
('T-20181025-0063', '2018-10-25', 'Flasddisk Toshiba', 65000, 20, 1300000),
('T-20181025-0064', '2018-10-25', 'Kabel USB', 25000, 5, 125000),
('T-20181025-0065', '2018-10-25', 'Printer Canon', 1550000, 3, 4650000),
('T-20181025-0066', '2018-10-25', 'Komputer', 7500000, 2, 15000000),
('T-20181025-0067', '2018-10-25', 'Laptop Axioo', 5200000, 1, 5200000),
('T-20181025-0068', '2018-10-25', 'Harddisk Toshiba 1 TB', 810000, 2, 1620000),
('T-20181025-0069', '2018-10-25', 'Keyboard', 90000, 20, 1800000),
('T-20181025-0070', '2018-10-25', 'Flasddisk', 60000, 15, 900000),
('T-20181025-0071', '2018-10-25', 'Laptop Asus', 7000000, 5, 35000000),
('T-20181025-0072', '2018-10-25', 'Kertas A4', 35000, 2, 70000),
('T-20181025-0073', '2018-10-25', 'Kertas F4', 45000, 5, 225000),
('T-20181025-0074', '2018-10-25', 'Laptop Acer', 5500000, 2, 11000000),
('T-20181025-0075', '2018-10-25', 'Mouse', 140000, 10, 1400000),
('T-20181025-0076', '2018-10-25', 'Flasddisk Toshiba', 65000, 20, 1300000),
('T-20181025-0077', '2018-10-25', 'Kabel USB', 25000, 5, 125000),
('T-20181025-0078', '2018-10-25', 'Printer Canon', 1550000, 3, 4650000),
('T-20181025-0079', '2018-10-25', 'Komputer', 7500000, 2, 15000000),
('T-20181025-0080', '2018-10-25', 'Laptop Axioo', 5200000, 1, 5200000),
('T-20181025-0081', '2018-10-25', 'Harddisk Toshiba 1 TB', 810000, 2, 1620000),
('T-20181025-0082', '2018-10-25', 'Keyboard', 90000, 20, 1800000),
('T-20181025-0083', '2018-10-25', 'Flasddisk', 60000, 15, 900000),
('T-20181025-0084', '2018-10-25', 'Laptop Asus', 7000000, 5, 35000000),
('T-20181025-0085', '2018-10-25', 'Kertas A4', 35000, 2, 70000),
('T-20181025-0086', '2018-10-25', 'Kertas F4', 45000, 5, 225000),
('T-20181025-0087', '2018-10-25', 'Laptop Acer', 5500000, 2, 11000000),
('T-20181025-0088', '2018-10-25', 'Mouse', 140000, 10, 1400000),
('T-20181025-0089', '2018-10-25', 'Flasddisk Toshiba', 65000, 20, 1300000),
('T-20181025-0090', '2018-10-25', 'Kabel USB', 25000, 5, 125000),
('T-20181025-0091', '2018-10-25', 'Printer Canon', 1550000, 3, 4650000),
('T-20181025-0092', '2018-10-25', 'Komputer', 7500000, 2, 15000000),
('T-20181025-0093', '2018-10-25', 'Laptop Axioo', 5200000, 1, 5200000),
('T-20181025-0094', '2018-10-25', 'Harddisk Toshiba 1 TB', 810000, 2, 1620000),
('T-20181025-0095', '2018-10-25', 'Keyboard', 90000, 20, 1800000),
('T-20181025-0096', '2018-10-25', 'Flasddisk', 60000, 15, 900000),
('T-20181025-0097', '2018-10-25', 'Laptop Asus', 7000000, 5, 35000000),
('T-20181025-0098', '2018-10-25', 'Kertas A4', 35000, 2, 70000),
('T-20181025-0099', '2018-10-25', 'Kertas F4', 45000, 5, 225000),
('T-20181025-0100', '2018-10-25', 'Laptop Acer', 5500000, 2, 11000000),
('T-20181025-0101', '2018-10-25', 'Mouse', 140000, 10, 1400000),
('T-20181025-0102', '2018-10-25', 'Flasddisk Toshiba', 65000, 20, 1300000),
('T-20181025-0103', '2018-10-25', 'Kabel USB', 25000, 5, 125000),
('T-20181025-0104', '2018-10-25', 'Printer Canon', 1550000, 3, 4650000),
('T-20181025-0105', '2018-10-25', 'Komputer', 7500000, 2, 15000000),
('T-20181025-0106', '2018-10-25', 'Laptop Axioo', 5200000, 1, 5200000),
('T-20181025-0107', '2018-10-25', 'Harddisk Toshiba 1 TB', 810000, 2, 1620000),
('T-20181025-0108', '2018-10-25', 'Keyboard', 90000, 20, 1800000),
('T-20181025-0109', '2018-10-25', 'Flasddisk', 60000, 15, 900000),
('T-20181025-0110', '2018-10-25', 'Laptop Asus', 7000000, 5, 35000000),
('T-20181025-0111', '2018-10-25', 'Kertas A4', 35000, 2, 70000),
('T-20181025-0112', '2018-10-25', 'Kertas F4', 45000, 5, 225000),
('T-20181025-0113', '2018-10-25', 'Laptop Acer', 5500000, 2, 11000000),
('T-20181026-0114', '2018-10-26', 'Komputer', 7500000, 2, 15000000),
('T-20181026-0115', '2018-10-26', 'Laptop Axioo', 5200000, 1, 5200000),
('T-20181026-0116', '2018-10-26', 'Harddisk Toshiba 1 TB', 810000, 2, 1620000),
('T-20181026-0117', '2018-10-26', 'Keyboard', 90000, 20, 1800000),
('T-20181026-0118', '2018-10-26', 'Flasddisk', 60000, 15, 900000),
('T-20181026-0119', '2018-10-26', 'Laptop Asus', 7000000, 5, 35000000),
('T-20181026-0120', '2018-10-26', 'Kertas A4', 35000, 2, 70000),
('T-20181026-0121', '2018-10-26', 'Kertas F4', 45000, 5, 225000),
('T-20181026-0122', '2018-10-26', 'Laptop Acer', 5500000, 2, 11000000),
('T-20181026-0123', '2018-10-26', 'Mouse', 140000, 10, 1400000),
('T-20181026-0124', '2018-10-26', 'Flasddisk Toshiba', 65000, 20, 1300000),
('T-20181026-0125', '2018-10-26', 'Kabel USB', 25000, 5, 125000),
('T-20181026-0126', '2018-10-26', 'Printer Canon', 1550000, 3, 4650000),
('T-20181026-0127', '2018-10-26', 'Komputer', 7500000, 2, 15000000),
('T-20181026-0128', '2018-10-26', 'Laptop Axioo', 5200000, 1, 5200000),
('T-20181026-0129', '2018-10-26', 'Harddisk Toshiba 1 TB', 810000, 2, 1620000),
('T-20181026-0130', '2018-10-26', 'Keyboard', 90000, 20, 1800000),
('T-20181026-0131', '2018-10-26', 'Flasddisk', 60000, 15, 900000),
('T-20181026-0132', '2018-10-26', 'Laptop Asus', 7000000, 5, 35000000),
('T-20181026-0133', '2018-10-26', 'Kertas A4', 35000, 2, 70000),
('T-20181026-0134', '2018-10-26', 'Kertas F4', 45000, 5, 225000),
('T-20181026-0135', '2018-10-26', 'Laptop Acer', 5500000, 2, 11000000),
('T-20181026-0136', '2018-10-26', 'Mouse', 140000, 10, 1400000),
('T-20181026-0137', '2018-10-26', 'Flasddisk Toshiba', 65000, 20, 1300000),
('T-20181026-0138', '2018-10-26', 'Kabel USB', 25000, 5, 125000),
('T-20181026-0139', '2018-10-26', 'Printer Canon', 1550000, 3, 4650000),
('T-20181026-0140', '2018-10-26', 'Komputer', 7500000, 2, 15000000),
('T-20181026-0141', '2018-10-26', 'Laptop Axioo', 5200000, 1, 5200000),
('T-20181026-0142', '2018-10-26', 'Harddisk Toshiba 1 TB', 810000, 2, 1620000),
('T-20181026-0143', '2018-10-26', 'Keyboard', 90000, 20, 1800000),
('T-20181026-0144', '2018-10-26', 'Flasddisk', 60000, 15, 900000),
('T-20181026-0145', '2018-10-26', 'Laptop Asus', 7000000, 5, 35000000),
('T-20181026-0146', '2018-10-26', 'Kertas A4', 35000, 2, 70000),
('T-20181026-0147', '2018-10-26', 'Kertas F4', 45000, 5, 225000),
('T-20181026-0148', '2018-10-26', 'Laptop Acer', 5500000, 2, 11000000),
('T-20181026-0149', '2018-10-26', 'Mouse', 140000, 10, 1400000),
('T-20181026-0150', '2018-10-26', 'Flasddisk Toshiba', 65000, 20, 1300000),
('T-20181026-0151', '2018-10-26', 'Kabel USB', 25000, 5, 125000),
('T-20181026-0152', '2018-10-26', 'Printer Canon', 1550000, 3, 4650000),
('T-20181026-0153', '2018-10-26', 'Komputer', 7500000, 2, 15000000),
('T-20181026-0154', '2018-10-26', 'Laptop Axioo', 5200000, 1, 5200000),
('T-20181026-0155', '2018-10-26', 'Harddisk Toshiba 1 TB', 810000, 2, 1620000),
('T-20181026-0156', '2018-10-26', 'Keyboard', 90000, 20, 1800000),
('T-20181026-0157', '2018-10-26', 'Flasddisk', 60000, 15, 900000),
('T-20181026-0158', '2018-10-26', 'Laptop Asus', 7000000, 5, 35000000),
('T-20181026-0159', '2018-10-26', 'Kertas A4', 35000, 2, 70000),
('T-20181026-0160', '2018-10-26', 'Kertas F4', 45000, 5, 225000),
('T-20181026-0161', '2018-10-26', 'Laptop Acer', 5500000, 2, 11000000),
('T-20181026-0162', '2018-10-26', 'Mouse', 140000, 10, 1400000),
('T-20181026-0163', '2018-10-26', 'Flasddisk Toshiba', 65000, 20, 1300000),
('T-20181026-0164', '2018-10-26', 'Kabel USB', 25000, 5, 125000),
('T-20181026-0165', '2018-10-26', 'Printer Canon', 1550000, 3, 4650000),
('T-20181026-0166', '2018-10-26', 'Komputer', 7500000, 2, 15000000),
('T-20181026-0167', '2018-10-26', 'Laptop Axioo', 5200000, 1, 5200000),
('T-20181026-0168', '2018-10-26', 'Harddisk Toshiba 1 TB', 810000, 2, 1620000),
('T-20181026-0169', '2018-10-26', 'Keyboard', 90000, 20, 1800000),
('T-20181026-0170', '2018-10-26', 'Flasddisk', 60000, 15, 900000),
('T-20181026-0171', '2018-10-26', 'Laptop Asus', 7000000, 5, 35000000),
('T-20181026-0172', '2018-10-26', 'Kertas A4', 35000, 2, 70000),
('T-20181026-0173', '2018-10-26', 'Kertas F4', 45000, 5, 225000),
('T-20181026-0174', '2018-10-26', 'Laptop Acer', 5500000, 2, 11000000),
('T-20181026-0175', '2018-10-26', 'Mouse', 140000, 10, 1400000),
('T-20181026-0176', '2018-10-26', 'Flasddisk Toshiba', 65000, 20, 1300000),
('T-20181026-0177', '2018-10-26', 'Kabel USB', 25000, 5, 125000),
('T-20181026-0178', '2018-10-26', 'Printer Canon', 1550000, 3, 4650000),
('T-20181026-0179', '2018-10-26', 'Komputer', 7500000, 2, 15000000),
('T-20181026-0180', '2018-10-26', 'Laptop Axioo', 5200000, 1, 5200000),
('T-20181026-0181', '2018-10-26', 'Harddisk Toshiba 1 TB', 810000, 2, 1620000),
('T-20181026-0182', '2018-10-26', 'Keyboard', 90000, 20, 1800000),
('T-20181026-0183', '2018-10-26', 'Flasddisk', 60000, 15, 900000),
('T-20181026-0184', '2018-10-26', 'Laptop Asus', 7000000, 5, 35000000),
('T-20181026-0185', '2018-10-26', 'Kertas A4', 35000, 2, 70000),
('T-20181026-0186', '2018-10-26', 'Kertas F4', 45000, 5, 225000),
('T-20181026-0187', '2018-10-26', 'Laptop Acer', 5500000, 2, 11000000),
('T-20181026-0188', '2018-10-26', 'Mouse', 140000, 10, 1400000),
('T-20181026-0189', '2018-10-26', 'Flasddisk Toshiba', 65000, 20, 1300000),
('T-20181026-0190', '2018-10-26', 'Kabel USB', 25000, 5, 125000),
('T-20181026-0191', '2018-10-26', 'Printer Canon', 1550000, 3, 4650000),
('T-20181026-0192', '2018-10-26', 'Komputer', 7500000, 2, 15000000),
('T-20181026-0193', '2018-10-26', 'Laptop Axioo', 5200000, 1, 5200000),
('T-20181026-0194', '2018-10-26', 'Harddisk Toshiba 1 TB', 810000, 2, 1620000),
('T-20181026-0195', '2018-10-26', 'Keyboard', 90000, 20, 1800000),
('T-20181026-0196', '2018-10-26', 'Flasddisk', 60000, 15, 900000),
('T-20181026-0197', '2018-10-26', 'Laptop Asus', 7000000, 5, 35000000),
('T-20181026-0198', '2018-10-26', 'Kertas A4', 35000, 2, 70000),
('T-20181026-0199', '2018-10-26', 'Kertas F4', 45000, 5, 225000),
('T-20181026-0200', '2018-10-26', 'Laptop Acer', 5500000, 2, 11000000),
('T-20181026-0201', '2018-10-26', 'Mouse', 140000, 10, 1400000),
('T-20181026-0202', '2018-10-26', 'Flasddisk Toshiba', 65000, 20, 1300000),
('T-20181026-0203', '2018-10-26', 'Kabel USB', 25000, 5, 125000),
('T-20181026-0204', '2018-10-26', 'Printer Canon', 1550000, 3, 4650000),
('T-20181026-0205', '2018-10-26', 'Komputer', 7500000, 2, 15000000),
('T-20181026-0206', '2018-10-26', 'Laptop Axioo', 5200000, 1, 5200000),
('T-20181026-0207', '2018-10-26', 'Harddisk Toshiba 1 TB', 810000, 2, 1620000),
('T-20181026-0208', '2018-10-26', 'Keyboard', 90000, 20, 1800000),
('T-20181026-0209', '2018-10-26', 'Flasddisk', 60000, 15, 900000),
('T-20181026-0210', '2018-10-26', 'Laptop Asus', 7000000, 5, 35000000),
('T-20181026-0211', '2018-10-26', 'Kertas A4', 35000, 2, 70000),
('T-20181026-0212', '2018-10-26', 'Kertas F4', 45000, 5, 225000),
('T-20181026-0213', '2018-10-26', 'Laptop Acer', 5500000, 2, 11000000),
('T-20181027-0214', '2018-10-27', 'Komputer', 7500000, 2, 15000000),
('T-20181027-0215', '2018-10-27', 'Laptop Axioo', 5200000, 1, 5200000),
('T-20181027-0216', '2018-10-27', 'Harddisk Toshiba 1 TB', 810000, 2, 1620000),
('T-20181027-0217', '2018-10-27', 'Keyboard', 90000, 20, 1800000),
('T-20181027-0218', '2018-10-27', 'Flasddisk', 60000, 15, 900000),
('T-20181027-0219', '2018-10-27', 'Laptop Asus', 7000000, 5, 35000000),
('T-20181027-0220', '2018-10-27', 'Kertas A4', 35000, 2, 70000),
('T-20181027-0221', '2018-10-27', 'Kertas F4', 45000, 5, 225000),
('T-20181027-0222', '2018-10-27', 'Laptop Acer', 5500000, 2, 11000000),
('T-20181027-0223', '2018-10-27', 'Mouse', 140000, 10, 1400000),
('T-20181027-0224', '2018-10-27', 'Flasddisk Toshiba', 65000, 20, 1300000),
('T-20181027-0225', '2018-10-27', 'Kabel USB', 25000, 5, 125000),
('T-20181027-0226', '2018-10-27', 'Printer Canon', 1550000, 3, 4650000),
('T-20181027-0227', '2018-10-27', 'Komputer', 7500000, 2, 15000000),
('T-20181027-0228', '2018-10-27', 'Laptop Axioo', 5200000, 1, 5200000),
('T-20181027-0229', '2018-10-27', 'Harddisk Toshiba 1 TB', 810000, 2, 1620000),
('T-20181027-0230', '2018-10-27', 'Keyboard', 90000, 20, 1800000),
('T-20181027-0231', '2018-10-27', 'Flasddisk', 60000, 15, 900000),
('T-20181027-0232', '2018-10-27', 'Laptop Asus', 7000000, 5, 35000000),
('T-20181027-0233', '2018-10-27', 'Kertas A4', 35000, 2, 70000),
('T-20181027-0234', '2018-10-27', 'Kertas F4', 45000, 5, 225000),
('T-20181027-0235', '2018-10-27', 'Laptop Acer', 5500000, 2, 11000000),
('T-20181027-0236', '2018-10-27', 'Mouse', 140000, 10, 1400000),
('T-20181027-0237', '2018-10-27', 'Flasddisk Toshiba', 65000, 20, 1300000),
('T-20181027-0238', '2018-10-27', 'Kabel USB', 25000, 5, 125000),
('T-20181027-0239', '2018-10-27', 'Printer Canon', 1550000, 3, 4650000),
('T-20181027-0240', '2018-10-27', 'Komputer', 7500000, 2, 15000000),
('T-20181027-0241', '2018-10-27', 'Laptop Axioo', 5200000, 1, 5200000),
('T-20181027-0242', '2018-10-27', 'Harddisk Toshiba 1 TB', 810000, 2, 1620000),
('T-20181027-0243', '2018-10-27', 'Keyboard', 90000, 20, 1800000),
('T-20181027-0244', '2018-10-27', 'Flasddisk', 60000, 15, 900000),
('T-20181027-0245', '2018-10-27', 'Laptop Asus', 7000000, 5, 35000000),
('T-20181027-0246', '2018-10-27', 'Kertas A4', 35000, 2, 70000),
('T-20181027-0247', '2018-10-27', 'Kertas F4', 45000, 5, 225000),
('T-20181027-0248', '2018-10-27', 'Laptop Acer', 5500000, 2, 11000000),
('T-20181027-0249', '2018-10-27', 'Mouse', 140000, 10, 1400000),
('T-20181027-0250', '2018-10-27', 'Flasddisk Toshiba', 65000, 20, 1300000),
('T-20181027-0251', '2018-10-27', 'Kabel USB', 25000, 5, 125000),
('T-20181027-0252', '2018-10-27', 'Printer Canon', 1550000, 3, 4650000),
('T-20181027-0253', '2018-10-27', 'Komputer', 7500000, 2, 15000000),
('T-20181027-0254', '2018-10-27', 'Laptop Axioo', 5200000, 1, 5200000),
('T-20181027-0255', '2018-10-27', 'Harddisk Toshiba 1 TB', 810000, 2, 1620000),
('T-20181027-0256', '2018-10-27', 'Keyboard', 90000, 20, 1800000),
('T-20181027-0257', '2018-10-27', 'Flasddisk', 60000, 15, 900000),
('T-20181027-0258', '2018-10-27', 'Laptop Asus', 7000000, 5, 35000000),
('T-20181027-0259', '2018-10-27', 'Kertas A4', 35000, 2, 70000),
('T-20181027-0260', '2018-10-27', 'Kertas F4', 45000, 5, 225000),
('T-20181027-0261', '2018-10-27', 'Laptop Acer', 5500000, 2, 11000000),
('T-20181027-0262', '2018-10-27', 'Mouse', 140000, 10, 1400000),
('T-20181027-0263', '2018-10-27', 'Flasddisk Toshiba', 65000, 20, 1300000),
('T-20181027-0264', '2018-10-27', 'Kabel USB', 25000, 5, 125000),
('T-20181027-0265', '2018-10-27', 'Printer Canon', 1550000, 3, 4650000),
('T-20181027-0266', '2018-10-27', 'Komputer', 7500000, 2, 15000000),
('T-20181027-0267', '2018-10-27', 'Laptop Axioo', 5200000, 1, 5200000),
('T-20181027-0268', '2018-10-27', 'Harddisk Toshiba 1 TB', 810000, 2, 1620000),
('T-20181027-0269', '2018-10-27', 'Keyboard', 90000, 20, 1800000),
('T-20181027-0270', '2018-10-27', 'Flasddisk', 60000, 15, 900000),
('T-20181027-0271', '2018-10-27', 'Laptop Asus', 7000000, 5, 35000000),
('T-20181027-0272', '2018-10-27', 'Kertas A4', 35000, 2, 70000),
('T-20181027-0273', '2018-10-27', 'Kertas F4', 45000, 5, 225000),
('T-20181027-0274', '2018-10-27', 'Laptop Acer', 5500000, 2, 11000000),
('T-20181027-0275', '2018-10-27', 'Mouse', 140000, 10, 1400000),
('T-20181027-0276', '2018-10-27', 'Flasddisk Toshiba', 65000, 20, 1300000),
('T-20181027-0277', '2018-10-27', 'Kabel USB', 25000, 5, 125000),
('T-20181027-0278', '2018-10-27', 'Printer Canon', 1550000, 3, 4650000),
('T-20181027-0279', '2018-10-27', 'Komputer', 7500000, 2, 15000000),
('T-20181027-0280', '2018-10-27', 'Laptop Axioo', 5200000, 1, 5200000),
('T-20181027-0281', '2018-10-27', 'Harddisk Toshiba 1 TB', 810000, 2, 1620000),
('T-20181027-0282', '2018-10-27', 'Keyboard', 90000, 20, 1800000),
('T-20181027-0283', '2018-10-27', 'Flasddisk', 60000, 15, 900000),
('T-20181027-0284', '2018-10-27', 'Laptop Asus', 7000000, 5, 35000000),
('T-20181027-0285', '2018-10-27', 'Kertas A4', 35000, 2, 70000),
('T-20181027-0286', '2018-10-27', 'Kertas F4', 45000, 5, 225000),
('T-20181027-0287', '2018-10-27', 'Laptop Acer', 5500000, 2, 11000000),
('T-20181027-0288', '2018-10-27', 'Mouse', 140000, 10, 1400000),
('T-20181027-0289', '2018-10-27', 'Flasddisk Toshiba', 65000, 20, 1300000),
('T-20181027-0290', '2018-10-27', 'Kabel USB', 25000, 5, 125000),
('T-20181027-0291', '2018-10-27', 'Printer Canon', 1550000, 3, 4650000),
('T-20181027-0292', '2018-10-27', 'Komputer', 7500000, 2, 15000000),
('T-20181027-0293', '2018-10-27', 'Laptop Axioo', 5200000, 1, 5200000),
('T-20181027-0294', '2018-10-27', 'Harddisk Toshiba 1 TB', 810000, 2, 1620000),
('T-20181027-0295', '2018-10-27', 'Keyboard', 90000, 20, 1800000),
('T-20181027-0296', '2018-10-27', 'Flasddisk', 60000, 15, 900000),
('T-20181027-0297', '2018-10-27', 'Laptop Asus', 7000000, 5, 35000000),
('T-20181027-0298', '2018-10-27', 'Kertas A4', 35000, 2, 70000),
('T-20181027-0299', '2018-10-27', 'Kertas F4', 45000, 5, 225000),
('T-20181027-0300', '2018-10-27', 'Laptop Acer', 5500000, 2, 11000000),
('T-20181027-0301', '2018-10-27', 'Mouse', 140000, 10, 1400000),
('T-20181027-0302', '2018-10-27', 'Flasddisk Toshiba', 65000, 20, 1300000),
('T-20181027-0303', '2018-10-27', 'Kabel USB', 25000, 5, 125000),
('T-20181027-0304', '2018-10-27', 'Printer Canon', 1550000, 3, 4650000),
('T-20181027-0305', '2018-10-27', 'Komputer', 7500000, 2, 15000000),
('T-20181027-0306', '2018-10-27', 'Laptop Axioo', 5200000, 1, 5200000),
('T-20181027-0307', '2018-10-27', 'Harddisk Toshiba 1 TB', 810000, 2, 1620000),
('T-20181027-0308', '2018-10-27', 'Keyboard', 90000, 20, 1800000),
('T-20181027-0309', '2018-10-27', 'Flasddisk', 60000, 15, 900000),
('T-20181027-0310', '2018-10-27', 'Laptop Asus', 7000000, 5, 35000000),
('T-20181027-0311', '2018-10-27', 'Kertas A4', 35000, 2, 70000),
('T-20181027-0312', '2018-10-27', 'Kertas F4', 45000, 5, 225000),
('T-20181027-0313', '2018-10-27', 'Laptop Acer', 5500000, 2, 11000000),
('T-20181027-0314', '2018-10-27', 'Komputer', 7500000, 2, 15000000),
('T-20181027-0315', '2018-10-27', 'Laptop Axioo', 5200000, 1, 5200000),
('T-20181027-0316', '2018-10-27', 'Harddisk Toshiba 1 TB', 810000, 2, 1620000),
('T-20181027-0317', '2018-10-27', 'Keyboard', 90000, 20, 1800000),
('T-20181027-0318', '2018-10-27', 'Flasddisk', 60000, 15, 900000),
('T-20181027-0319', '2018-10-27', 'Laptop Asus', 7000000, 5, 35000000),
('T-20181027-0320', '2018-10-27', 'Kertas A4', 35000, 2, 70000),
('T-20181027-0321', '2018-10-27', 'Kertas F4', 45000, 5, 225000),
('T-20181027-0322', '2018-10-27', 'Laptop Acer', 5500000, 2, 11000000),
('T-20181027-0323', '2018-10-27', 'Mouse', 140000, 10, 1400000),
('T-20181027-0324', '2018-10-27', 'Flasddisk Toshiba', 65000, 20, 1300000),
('T-20181027-0325', '2018-10-27', 'Kabel USB', 25000, 5, 125000),
('T-20181027-0326', '2018-10-27', 'Printer Canon', 1550000, 3, 4650000),
('T-20181027-0327', '2018-10-27', 'Komputer', 7500000, 2, 15000000),
('T-20181027-0328', '2018-10-27', 'Laptop Axioo', 5200000, 1, 5200000),
('T-20181027-0329', '2018-10-27', 'Harddisk Toshiba 1 TB', 810000, 2, 1620000),
('T-20181027-0330', '2018-10-27', 'Keyboard', 90000, 20, 1800000),
('T-20181027-0331', '2018-10-27', 'Flasddisk', 60000, 15, 900000),
('T-20181027-0332', '2018-10-27', 'Laptop Asus', 7000000, 5, 35000000),
('T-20181027-0333', '2018-10-27', 'Kertas A4', 35000, 2, 70000),
('T-20181027-0334', '2018-10-27', 'Kertas F4', 45000, 5, 225000),
('T-20181027-0335', '2018-10-27', 'Laptop Acer', 5500000, 2, 11000000),
('T-20181027-0336', '2018-10-27', 'Mouse', 140000, 10, 1400000),
('T-20181027-0337', '2018-10-27', 'Flasddisk Toshiba', 65000, 20, 1300000),
('T-20181027-0338', '2018-10-27', 'Kabel USB', 25000, 5, 125000),
('T-20181027-0339', '2018-10-27', 'Printer Canon', 1550000, 3, 4650000),
('T-20181027-0340', '2018-10-27', 'Komputer', 7500000, 2, 15000000),
('T-20181027-0341', '2018-10-27', 'Laptop Axioo', 5200000, 1, 5200000),
('T-20181027-0342', '2018-10-27', 'Harddisk Toshiba 1 TB', 810000, 2, 1620000),
('T-20181027-0343', '2018-10-27', 'Keyboard', 90000, 20, 1800000),
('T-20181027-0344', '2018-10-27', 'Flasddisk', 60000, 15, 900000),
('T-20181027-0345', '2018-10-27', 'Laptop Asus', 7000000, 5, 35000000),
('T-20181027-0346', '2018-10-27', 'Kertas A4', 35000, 2, 70000),
('T-20181027-0347', '2018-10-27', 'Kertas F4', 45000, 5, 225000),
('T-20181027-0348', '2018-10-27', 'Laptop Acer', 5500000, 2, 11000000),
('T-20181027-0349', '2018-10-27', 'Mouse', 140000, 10, 1400000),
('T-20181027-0350', '2018-10-27', 'Flasddisk Toshiba', 65000, 20, 1300000),
('T-20181027-0351', '2018-10-27', 'Kabel USB', 25000, 5, 125000),
('T-20181027-0352', '2018-10-27', 'Printer Canon', 1550000, 3, 4650000),
('T-20181027-0353', '2018-10-27', 'Komputer', 7500000, 2, 15000000),
('T-20181027-0354', '2018-10-27', 'Laptop Axioo', 5200000, 1, 5200000),
('T-20181027-0355', '2018-10-27', 'Harddisk Toshiba 1 TB', 810000, 2, 1620000),
('T-20181027-0356', '2018-10-27', 'Keyboard', 90000, 20, 1800000),
('T-20181027-0357', '2018-10-27', 'Flasddisk', 60000, 15, 900000),
('T-20181027-0358', '2018-10-27', 'Laptop Asus', 7000000, 5, 35000000),
('T-20181027-0359', '2018-10-27', 'Kertas A4', 35000, 2, 70000),
('T-20181027-0360', '2018-10-27', 'Kertas F4', 45000, 5, 225000),
('T-20181027-0361', '2018-10-27', 'Laptop Acer', 5500000, 2, 11000000),
('T-20181027-0362', '2018-10-27', 'Mouse', 140000, 10, 1400000),
('T-20181027-0363', '2018-10-27', 'Flasddisk Toshiba', 65000, 20, 1300000),
('T-20181027-0364', '2018-10-27', 'Kabel USB', 25000, 5, 125000),
('T-20181027-0365', '2018-10-27', 'Printer Canon', 1550000, 3, 4650000),
('T-20181027-0366', '2018-10-27', 'Komputer', 7500000, 2, 15000000),
('T-20181027-0367', '2018-10-27', 'Laptop Axioo', 5200000, 1, 5200000),
('T-20181027-0368', '2018-10-27', 'Harddisk Toshiba 1 TB', 810000, 2, 1620000),
('T-20181027-0369', '2018-10-27', 'Keyboard', 90000, 20, 1800000),
('T-20181027-0370', '2018-10-27', 'Flasddisk', 60000, 15, 900000),
('T-20181027-0371', '2018-10-27', 'Laptop Asus', 7000000, 5, 35000000),
('T-20181027-0372', '2018-10-27', 'Kertas A4', 35000, 2, 70000),
('T-20181027-0373', '2018-10-27', 'Kertas F4', 45000, 5, 225000),
('T-20181027-0374', '2018-10-27', 'Laptop Acer', 5500000, 2, 11000000),
('T-20181027-0375', '2018-10-27', 'Mouse', 140000, 10, 1400000),
('T-20181027-0376', '2018-10-27', 'Flasddisk Toshiba', 65000, 20, 1300000),
('T-20181027-0377', '2018-10-27', 'Kabel USB', 25000, 5, 125000),
('T-20181027-0378', '2018-10-27', 'Printer Canon', 1550000, 3, 4650000),
('T-20181027-0379', '2018-10-27', 'Komputer', 7500000, 2, 15000000),
('T-20181027-0380', '2018-10-27', 'Laptop Axioo', 5200000, 1, 5200000),
('T-20181027-0381', '2018-10-27', 'Harddisk Toshiba 1 TB', 810000, 2, 1620000),
('T-20181027-0382', '2018-10-27', 'Keyboard', 90000, 20, 1800000),
('T-20181027-0383', '2018-10-27', 'Flasddisk', 60000, 15, 900000),
('T-20181027-0384', '2018-10-27', 'Laptop Asus', 7000000, 5, 35000000),
('T-20181027-0385', '2018-10-27', 'Kertas A4', 35000, 2, 70000),
('T-20181027-0386', '2018-10-27', 'Kertas F4', 45000, 5, 225000),
('T-20181027-0387', '2018-10-27', 'Laptop Acer', 5500000, 2, 11000000),
('T-20181027-0388', '2018-10-27', 'Mouse', 140000, 10, 1400000),
('T-20181027-0389', '2018-10-27', 'Flasddisk Toshiba', 65000, 20, 1300000),
('T-20181027-0390', '2018-10-27', 'Kabel USB', 25000, 5, 125000),
('T-20181027-0391', '2018-10-27', 'Printer Canon', 1550000, 3, 4650000),
('T-20181027-0392', '2018-10-27', 'Komputer', 7500000, 2, 15000000),
('T-20181027-0393', '2018-10-27', 'Laptop Axioo', 5200000, 1, 5200000),
('T-20181027-0394', '2018-10-27', 'Harddisk Toshiba 1 TB', 810000, 2, 1620000),
('T-20181027-0395', '2018-10-27', 'Keyboard', 90000, 20, 1800000),
('T-20181027-0396', '2018-10-27', 'Flasddisk', 60000, 15, 900000),
('T-20181027-0397', '2018-10-27', 'Laptop Asus', 7000000, 5, 35000000),
('T-20181027-0398', '2018-10-27', 'Kertas A4', 35000, 2, 70000),
('T-20181027-0399', '2018-10-27', 'Kertas F4', 45000, 5, 225000),
('T-20181027-0400', '2018-10-27', 'Laptop Acer', 5500000, 2, 11000000),
('T-20181027-0401', '2018-10-27', 'Mouse', 140000, 10, 1400000),
('T-20181027-0402', '2018-10-27', 'Flasddisk Toshiba', 65000, 20, 1300000),
('T-20181027-0403', '2018-10-27', 'Kabel USB', 25000, 5, 125000),
('T-20181027-0404', '2018-10-27', 'Printer Canon', 1550000, 3, 4650000),
('T-20181027-0405', '2018-10-27', 'Komputer', 7500000, 2, 15000000),
('T-20181027-0406', '2018-10-27', 'Laptop Axioo', 5200000, 1, 5200000),
('T-20181027-0407', '2018-10-27', 'Harddisk Toshiba 1 TB', 810000, 2, 1620000),
('T-20181027-0408', '2018-10-27', 'Keyboard', 90000, 20, 1800000),
('T-20181027-0409', '2018-10-27', 'Flasddisk', 60000, 15, 900000),
('T-20181027-0410', '2018-10-27', 'Laptop Asus', 7000000, 5, 35000000),
('T-20181027-0411', '2018-10-27', 'Kertas A4', 35000, 2, 70000),
('T-20181027-0412', '2018-10-27', 'Kertas F4', 45000, 5, 225000),
('T-20181027-0413', '2018-10-27', 'Laptop Acer', 5500000, 2, 11000000),
('T-20181027-0414', '2018-10-27', 'Komputer', 7500000, 2, 15000000),
('T-20181027-0415', '2018-10-27', 'Laptop Axioo', 5200000, 1, 5200000),
('T-20181027-0416', '2018-10-27', 'Harddisk Toshiba 1 TB', 810000, 2, 1620000),
('T-20181027-0417', '2018-10-27', 'Keyboard', 90000, 20, 1800000),
('T-20181027-0418', '2018-10-27', 'Flasddisk', 60000, 15, 900000),
('T-20181027-0419', '2018-10-27', 'Laptop Asus', 7000000, 5, 35000000),
('T-20181027-0420', '2018-10-27', 'Kertas A4', 35000, 2, 70000),
('T-20181027-0421', '2018-10-27', 'Kertas F4', 45000, 5, 225000),
('T-20181027-0422', '2018-10-27', 'Laptop Acer', 5500000, 2, 11000000),
('T-20181027-0423', '2018-10-27', 'Mouse', 140000, 10, 1400000),
('T-20181027-0424', '2018-10-27', 'Flasddisk Toshiba', 65000, 20, 1300000),
('T-20181027-0425', '2018-10-27', 'Kabel USB', 25000, 5, 125000),
('T-20181027-0426', '2018-10-27', 'Printer Canon', 1550000, 3, 4650000),
('T-20181027-0427', '2018-10-27', 'Komputer', 7500000, 2, 15000000),
('T-20181027-0428', '2018-10-27', 'Laptop Axioo', 5200000, 1, 5200000),
('T-20181027-0429', '2018-10-27', 'Harddisk Toshiba 1 TB', 810000, 2, 1620000),
('T-20181027-0430', '2018-10-27', 'Keyboard', 90000, 20, 1800000),
('T-20181027-0431', '2018-10-27', 'Flasddisk', 60000, 15, 900000),
('T-20181027-0432', '2018-10-27', 'Laptop Asus', 7000000, 5, 35000000),
('T-20181027-0433', '2018-10-27', 'Kertas A4', 35000, 2, 70000),
('T-20181027-0434', '2018-10-27', 'Kertas F4', 45000, 5, 225000),
('T-20181027-0435', '2018-10-27', 'Laptop Acer', 5500000, 2, 11000000),
('T-20181027-0436', '2018-10-27', 'Mouse', 140000, 10, 1400000),
('T-20181027-0437', '2018-10-27', 'Flasddisk Toshiba', 65000, 20, 1300000),
('T-20181027-0438', '2018-10-27', 'Kabel USB', 25000, 5, 125000),
('T-20181027-0439', '2018-10-27', 'Printer Canon', 1550000, 3, 4650000),
('T-20181027-0440', '2018-10-27', 'Komputer', 7500000, 2, 15000000),
('T-20181027-0441', '2018-10-27', 'Laptop Axioo', 5200000, 1, 5200000),
('T-20181027-0442', '2018-10-27', 'Harddisk Toshiba 1 TB', 810000, 2, 1620000),
('T-20181027-0443', '2018-10-27', 'Keyboard', 90000, 20, 1800000),
('T-20181027-0444', '2018-10-27', 'Flasddisk', 60000, 15, 900000),
('T-20181027-0445', '2018-10-27', 'Laptop Asus', 7000000, 5, 35000000),
('T-20181027-0446', '2018-10-27', 'Kertas A4', 35000, 2, 70000),
('T-20181027-0447', '2018-10-27', 'Kertas F4', 45000, 5, 225000),
('T-20181027-0448', '2018-10-27', 'Laptop Acer', 5500000, 2, 11000000),
('T-20181027-0449', '2018-10-27', 'Mouse', 140000, 10, 1400000),
('T-20181027-0450', '2018-10-27', 'Flasddisk Toshiba', 65000, 20, 1300000),
('T-20181027-0451', '2018-10-27', 'Kabel USB', 25000, 5, 125000),
('T-20181027-0452', '2018-10-27', 'Printer Canon', 1550000, 3, 4650000),
('T-20181027-0453', '2018-10-27', 'Komputer', 7500000, 2, 15000000),
('T-20181027-0454', '2018-10-27', 'Laptop Axioo', 5200000, 1, 5200000),
('T-20181027-0455', '2018-10-27', 'Harddisk Toshiba 1 TB', 810000, 2, 1620000),
('T-20181027-0456', '2018-10-27', 'Keyboard', 90000, 20, 1800000),
('T-20181027-0457', '2018-10-27', 'Flasddisk', 60000, 15, 900000),
('T-20181027-0458', '2018-10-27', 'Laptop Asus', 7000000, 5, 35000000),
('T-20181027-0459', '2018-10-27', 'Kertas A4', 35000, 2, 70000),
('T-20181027-0460', '2018-10-27', 'Kertas F4', 45000, 5, 225000),
('T-20181027-0461', '2018-10-27', 'Laptop Acer', 5500000, 2, 11000000),
('T-20181027-0462', '2018-10-27', 'Mouse', 140000, 10, 1400000),
('T-20181027-0463', '2018-10-27', 'Flasddisk Toshiba', 65000, 20, 1300000),
('T-20181027-0464', '2018-10-27', 'Kabel USB', 25000, 5, 125000),
('T-20181027-0465', '2018-10-27', 'Printer Canon', 1550000, 3, 4650000),
('T-20181027-0466', '2018-10-27', 'Komputer', 7500000, 2, 15000000),
('T-20181027-0467', '2018-10-27', 'Laptop Axioo', 5200000, 1, 5200000),
('T-20181027-0468', '2018-10-27', 'Harddisk Toshiba 1 TB', 810000, 2, 1620000),
('T-20181027-0469', '2018-10-27', 'Keyboard', 90000, 20, 1800000),
('T-20181027-0470', '2018-10-27', 'Flasddisk', 60000, 15, 900000),
('T-20181027-0471', '2018-10-27', 'Laptop Asus', 7000000, 5, 35000000),
('T-20181027-0472', '2018-10-27', 'Kertas A4', 35000, 2, 70000),
('T-20181027-0473', '2018-10-27', 'Kertas F4', 45000, 5, 225000),
('T-20181027-0474', '2018-10-27', 'Laptop Acer', 5500000, 2, 11000000),
('T-20181027-0475', '2018-10-27', 'Mouse', 140000, 10, 1400000),
('T-20181027-0476', '2018-10-27', 'Flasddisk Toshiba', 65000, 20, 1300000),
('T-20181027-0477', '2018-10-27', 'Kabel USB', 25000, 5, 125000),
('T-20181027-0478', '2018-10-27', 'Printer Canon', 1550000, 3, 4650000),
('T-20181027-0479', '2018-10-27', 'Komputer', 7500000, 2, 15000000),
('T-20181027-0480', '2018-10-27', 'Laptop Axioo', 5200000, 1, 5200000),
('T-20181027-0481', '2018-10-27', 'Harddisk Toshiba 1 TB', 810000, 2, 1620000),
('T-20181027-0482', '2018-10-27', 'Keyboard', 90000, 20, 1800000),
('T-20181027-0483', '2018-10-27', 'Flasddisk', 60000, 15, 900000),
('T-20181027-0484', '2018-10-27', 'Laptop Asus', 7000000, 5, 35000000),
('T-20181027-0485', '2018-10-27', 'Kertas A4', 35000, 2, 70000),
('T-20181027-0486', '2018-10-27', 'Kertas F4', 45000, 5, 225000),
('T-20181027-0487', '2018-10-27', 'Laptop Acer', 5500000, 2, 11000000),
('T-20181027-0488', '2018-10-27', 'Mouse', 140000, 10, 1400000),
('T-20181027-0489', '2018-10-27', 'Flasddisk Toshiba', 65000, 20, 1300000),
('T-20181027-0490', '2018-10-27', 'Kabel USB', 25000, 5, 125000),
('T-20181027-0491', '2018-10-27', 'Printer Canon', 1550000, 3, 4650000),
('T-20181027-0492', '2018-10-27', 'Komputer', 7500000, 2, 15000000),
('T-20181027-0493', '2018-10-27', 'Laptop Axioo', 5200000, 1, 5200000),
('T-20181027-0494', '2018-10-27', 'Harddisk Toshiba 1 TB', 810000, 2, 1620000),
('T-20181027-0495', '2018-10-27', 'Keyboard', 90000, 20, 1800000),
('T-20181027-0496', '2018-10-27', 'Flasddisk', 60000, 15, 900000),
('T-20181027-0497', '2018-10-27', 'Laptop Asus', 7000000, 5, 35000000),
('T-20181027-0498', '2018-10-27', 'Kertas A4', 35000, 2, 70000),
('T-20181027-0499', '2018-10-27', 'Kertas F4', 45000, 5, 225000),
('T-20181027-0500', '2018-10-27', 'Laptop Acer', 5500000, 2, 11000000),
('T-20181027-0501', '2018-10-27', 'Mouse', 140000, 10, 1400000),
('T-20181027-0502', '2018-10-27', 'Flasddisk Toshiba', 65000, 20, 1300000),
('T-20181027-0503', '2018-10-27', 'Kabel USB', 25000, 5, 125000),
('T-20181027-0504', '2018-10-27', 'Printer Canon', 1550000, 3, 4650000),
('T-20181027-0505', '2018-10-27', 'Komputer', 7500000, 2, 15000000),
('T-20181027-0506', '2018-10-27', 'Laptop Axioo', 5200000, 1, 5200000),
('T-20181027-0507', '2018-10-27', 'Harddisk Toshiba 1 TB', 810000, 2, 1620000),
('T-20181027-0508', '2018-10-27', 'Keyboard', 90000, 20, 1800000),
('T-20181027-0509', '2018-10-27', 'Flasddisk', 60000, 15, 900000),
('T-20181027-0510', '2018-10-27', 'Laptop Asus', 7000000, 5, 35000000),
('T-20181027-0511', '2018-10-27', 'Kertas A4', 35000, 2, 70000),
('T-20181027-0512', '2018-10-27', 'Kertas F4', 45000, 5, 225000),
('T-20181027-0513', '2018-10-27', 'Laptop Acer', 5500000, 2, 11000000),
('T-20181027-0514', '2018-10-27', 'Komputer', 7500000, 2, 15000000),
('T-20181027-0515', '2018-10-27', 'Laptop Axioo', 5200000, 1, 5200000),
('T-20181027-0516', '2018-10-27', 'Harddisk Toshiba 1 TB', 810000, 2, 1620000),
('T-20181027-0517', '2018-10-27', 'Keyboard', 90000, 20, 1800000),
('T-20181027-0518', '2018-10-27', 'Flasddisk', 60000, 15, 900000),
('T-20181027-0519', '2018-10-27', 'Laptop Asus', 7000000, 5, 35000000),
('T-20181027-0520', '2018-10-27', 'Kertas A4', 35000, 2, 70000),
('T-20181027-0521', '2018-10-27', 'Kertas F4', 45000, 5, 225000),
('T-20181027-0522', '2018-10-27', 'Laptop Acer', 5500000, 2, 11000000),
('T-20181027-0523', '2018-10-27', 'Mouse', 140000, 10, 1400000),
('T-20181027-0524', '2018-10-27', 'Flasddisk Toshiba', 65000, 20, 1300000),
('T-20181027-0525', '2018-10-27', 'Kabel USB', 25000, 5, 125000),
('T-20181027-0526', '2018-10-27', 'Printer Canon', 1550000, 3, 4650000),
('T-20181027-0527', '2018-10-27', 'Komputer', 7500000, 2, 15000000),
('T-20181027-0528', '2018-10-27', 'Laptop Axioo', 5200000, 1, 5200000),
('T-20181027-0529', '2018-10-27', 'Harddisk Toshiba 1 TB', 810000, 2, 1620000),
('T-20181027-0530', '2018-10-27', 'Keyboard', 90000, 20, 1800000),
('T-20181027-0531', '2018-10-27', 'Flasddisk', 60000, 15, 900000),
('T-20181027-0532', '2018-10-27', 'Laptop Asus', 7000000, 5, 35000000),
('T-20181027-0533', '2018-10-27', 'Kertas A4', 35000, 2, 70000),
('T-20181027-0534', '2018-10-27', 'Kertas F4', 45000, 5, 225000),
('T-20181027-0535', '2018-10-27', 'Laptop Acer', 5500000, 2, 11000000),
('T-20181027-0536', '2018-10-27', 'Mouse', 140000, 10, 1400000),
('T-20181027-0537', '2018-10-27', 'Flasddisk Toshiba', 65000, 20, 1300000),
('T-20181027-0538', '2018-10-27', 'Kabel USB', 25000, 5, 125000),
('T-20181027-0539', '2018-10-27', 'Printer Canon', 1550000, 3, 4650000),
('T-20181027-0540', '2018-10-27', 'Komputer', 7500000, 2, 15000000),
('T-20181027-0541', '2018-10-27', 'Laptop Axioo', 5200000, 1, 5200000),
('T-20181027-0542', '2018-10-27', 'Harddisk Toshiba 1 TB', 810000, 2, 1620000),
('T-20181027-0543', '2018-10-27', 'Keyboard', 90000, 20, 1800000),
('T-20181027-0544', '2018-10-27', 'Flasddisk', 60000, 15, 900000),
('T-20181027-0545', '2018-10-27', 'Laptop Asus', 7000000, 5, 35000000),
('T-20181027-0546', '2018-10-27', 'Kertas A4', 35000, 2, 70000),
('T-20181027-0547', '2018-10-27', 'Kertas F4', 45000, 5, 225000),
('T-20181027-0548', '2018-10-27', 'Laptop Acer', 5500000, 2, 11000000),
('T-20181027-0549', '2018-10-27', 'Mouse', 140000, 10, 1400000),
('T-20181027-0550', '2018-10-27', 'Flasddisk Toshiba', 65000, 20, 1300000),
('T-20181027-0551', '2018-10-27', 'Kabel USB', 25000, 5, 125000),
('T-20181027-0552', '2018-10-27', 'Printer Canon', 1550000, 3, 4650000),
('T-20181027-0553', '2018-10-27', 'Komputer', 7500000, 2, 15000000),
('T-20181027-0554', '2018-10-27', 'Laptop Axioo', 5200000, 1, 5200000),
('T-20181027-0555', '2018-10-27', 'Harddisk Toshiba 1 TB', 810000, 2, 1620000),
('T-20181027-0556', '2018-10-27', 'Keyboard', 90000, 20, 1800000),
('T-20181027-0557', '2018-10-27', 'Flasddisk', 60000, 15, 900000),
('T-20181027-0558', '2018-10-27', 'Laptop Asus', 7000000, 5, 35000000),
('T-20181027-0559', '2018-10-27', 'Kertas A4', 35000, 2, 70000),
('T-20181027-0560', '2018-10-27', 'Kertas F4', 45000, 5, 225000),
('T-20181027-0561', '2018-10-27', 'Laptop Acer', 5500000, 2, 11000000),
('T-20181027-0562', '2018-10-27', 'Mouse', 140000, 10, 1400000),
('T-20181027-0563', '2018-10-27', 'Flasddisk Toshiba', 65000, 20, 1300000),
('T-20181027-0564', '2018-10-27', 'Kabel USB', 25000, 5, 125000),
('T-20181027-0565', '2018-10-27', 'Printer Canon', 1550000, 3, 4650000),
('T-20181027-0566', '2018-10-27', 'Komputer', 7500000, 2, 15000000),
('T-20181027-0567', '2018-10-27', 'Laptop Axioo', 5200000, 1, 5200000),
('T-20181027-0568', '2018-10-27', 'Harddisk Toshiba 1 TB', 810000, 2, 1620000),
('T-20181027-0569', '2018-10-27', 'Keyboard', 90000, 20, 1800000),
('T-20181027-0570', '2018-10-27', 'Flasddisk', 60000, 15, 900000),
('T-20181027-0571', '2018-10-27', 'Laptop Asus', 7000000, 5, 35000000),
('T-20181027-0572', '2018-10-27', 'Kertas A4', 35000, 2, 70000),
('T-20181027-0573', '2018-10-27', 'Kertas F4', 45000, 5, 225000),
('T-20181027-0574', '2018-10-27', 'Laptop Acer', 5500000, 2, 11000000),
('T-20181027-0575', '2018-10-27', 'Mouse', 140000, 10, 1400000),
('T-20181027-0576', '2018-10-27', 'Flasddisk Toshiba', 65000, 20, 1300000),
('T-20181027-0577', '2018-10-27', 'Kabel USB', 25000, 5, 125000),
('T-20181027-0578', '2018-10-27', 'Printer Canon', 1550000, 3, 4650000),
('T-20181027-0579', '2018-10-27', 'Komputer', 7500000, 2, 15000000),
('T-20181027-0580', '2018-10-27', 'Laptop Axioo', 5200000, 1, 5200000),
('T-20181027-0581', '2018-10-27', 'Harddisk Toshiba 1 TB', 810000, 2, 1620000),
('T-20181027-0582', '2018-10-27', 'Keyboard', 90000, 20, 1800000),
('T-20181027-0583', '2018-10-27', 'Flasddisk', 60000, 15, 900000),
('T-20181027-0584', '2018-10-27', 'Laptop Asus', 7000000, 5, 35000000),
('T-20181027-0585', '2018-10-27', 'Kertas A4', 35000, 2, 70000),
('T-20181027-0586', '2018-10-27', 'Kertas F4', 45000, 5, 225000),
('T-20181027-0587', '2018-10-27', 'Laptop Acer', 5500000, 2, 11000000),
('T-20181027-0588', '2018-10-27', 'Mouse', 140000, 10, 1400000),
('T-20181027-0589', '2018-10-27', 'Flasddisk Toshiba', 65000, 20, 1300000),
('T-20181027-0590', '2018-10-27', 'Kabel USB', 25000, 5, 125000),
('T-20181027-0591', '2018-10-27', 'Printer Canon', 1550000, 3, 4650000),
('T-20181027-0592', '2018-10-27', 'Komputer', 7500000, 2, 15000000),
('T-20181027-0593', '2018-10-27', 'Laptop Axioo', 5200000, 1, 5200000),
('T-20181027-0594', '2018-10-27', 'Harddisk Toshiba 1 TB', 810000, 2, 1620000),
('T-20181027-0595', '2018-10-27', 'Keyboard', 90000, 20, 1800000),
('T-20181027-0596', '2018-10-27', 'Flasddisk', 60000, 15, 900000),
('T-20181027-0597', '2018-10-27', 'Laptop Asus', 7000000, 5, 35000000),
('T-20181027-0598', '2018-10-27', 'Kertas A4', 35000, 2, 70000),
('T-20181027-0599', '2018-10-27', 'Kertas F4', 45000, 5, 225000),
('T-20181027-0600', '2018-10-27', 'Laptop Acer', 5500000, 2, 11000000),
('T-20181027-0601', '2018-10-27', 'Mouse', 140000, 10, 1400000),
('T-20181027-0602', '2018-10-27', 'Flasddisk Toshiba', 65000, 20, 1300000),
('T-20181027-0603', '2018-10-27', 'Kabel USB', 25000, 5, 125000),
('T-20181027-0604', '2018-10-27', 'Printer Canon', 1550000, 3, 4650000),
('T-20181027-0605', '2018-10-27', 'Komputer', 7500000, 2, 15000000),
('T-20181027-0606', '2018-10-27', 'Laptop Axioo', 5200000, 1, 5200000),
('T-20181027-0607', '2018-10-27', 'Harddisk Toshiba 1 TB', 810000, 2, 1620000),
('T-20181027-0608', '2018-10-27', 'Keyboard', 90000, 20, 1800000),
('T-20181027-0609', '2018-10-27', 'Flasddisk', 60000, 15, 900000),
('T-20181027-0610', '2018-10-27', 'Laptop Asus', 7000000, 5, 35000000),
('T-20181027-0611', '2018-10-27', 'Kertas A4', 35000, 2, 70000),
('T-20181027-0612', '2018-10-27', 'Kertas F4', 45000, 5, 225000),
('T-20181027-0613', '2018-10-27', 'Laptop Acer', 5500000, 2, 11000000),
('T-20181027-0614', '2018-10-27', 'Komputer', 7500000, 2, 15000000),
('T-20181027-0615', '2018-10-27', 'Laptop Axioo', 5200000, 1, 5200000),
('T-20181027-0616', '2018-10-27', 'Harddisk Toshiba 1 TB', 810000, 2, 1620000),
('T-20181027-0617', '2018-10-27', 'Keyboard', 90000, 20, 1800000),
('T-20181027-0618', '2018-10-27', 'Flasddisk', 60000, 15, 900000),
('T-20181027-0619', '2018-10-27', 'Laptop Asus', 7000000, 5, 35000000),
('T-20181027-0620', '2018-10-27', 'Kertas A4', 35000, 2, 70000),
('T-20181027-0621', '2018-10-27', 'Kertas F4', 45000, 5, 225000),
('T-20181027-0622', '2018-10-27', 'Laptop Acer', 5500000, 2, 11000000),
('T-20181027-0623', '2018-10-27', 'Mouse', 140000, 10, 1400000),
('T-20181027-0624', '2018-10-27', 'Flasddisk Toshiba', 65000, 20, 1300000),
('T-20181027-0625', '2018-10-27', 'Kabel USB', 25000, 5, 125000),
('T-20181027-0626', '2018-10-27', 'Printer Canon', 1550000, 3, 4650000),
('T-20181027-0627', '2018-10-27', 'Komputer', 7500000, 2, 15000000),
('T-20181027-0628', '2018-10-27', 'Laptop Axioo', 5200000, 1, 5200000),
('T-20181027-0629', '2018-10-27', 'Harddisk Toshiba 1 TB', 810000, 2, 1620000),
('T-20181027-0630', '2018-10-27', 'Keyboard', 90000, 20, 1800000),
('T-20181027-0631', '2018-10-27', 'Flasddisk', 60000, 15, 900000),
('T-20181027-0632', '2018-10-27', 'Laptop Asus', 7000000, 5, 35000000),
('T-20181027-0633', '2018-10-27', 'Kertas A4', 35000, 2, 70000),
('T-20181027-0634', '2018-10-27', 'Kertas F4', 45000, 5, 225000),
('T-20181027-0635', '2018-10-27', 'Laptop Acer', 5500000, 2, 11000000),
('T-20181027-0636', '2018-10-27', 'Mouse', 140000, 10, 1400000),
('T-20181027-0637', '2018-10-27', 'Flasddisk Toshiba', 65000, 20, 1300000),
('T-20181027-0638', '2018-10-27', 'Kabel USB', 25000, 5, 125000),
('T-20181027-0639', '2018-10-27', 'Printer Canon', 1550000, 3, 4650000),
('T-20181027-0640', '2018-10-27', 'Komputer', 7500000, 2, 15000000),
('T-20181027-0641', '2018-10-27', 'Laptop Axioo', 5200000, 1, 5200000),
('T-20181027-0642', '2018-10-27', 'Harddisk Toshiba 1 TB', 810000, 2, 1620000),
('T-20181027-0643', '2018-10-27', 'Keyboard', 90000, 20, 1800000),
('T-20181027-0644', '2018-10-27', 'Flasddisk', 60000, 15, 900000),
('T-20181027-0645', '2018-10-27', 'Laptop Asus', 7000000, 5, 35000000),
('T-20181027-0646', '2018-10-27', 'Kertas A4', 35000, 2, 70000),
('T-20181027-0647', '2018-10-27', 'Kertas F4', 45000, 5, 225000),
('T-20181027-0648', '2018-10-27', 'Laptop Acer', 5500000, 2, 11000000),
('T-20181027-0649', '2018-10-27', 'Mouse', 140000, 10, 1400000),
('T-20181027-0650', '2018-10-27', 'Flasddisk Toshiba', 65000, 20, 1300000),
('T-20181027-0651', '2018-10-27', 'Kabel USB', 25000, 5, 125000),
('T-20181027-0652', '2018-10-27', 'Printer Canon', 1550000, 3, 4650000),
('T-20181027-0653', '2018-10-27', 'Komputer', 7500000, 2, 15000000),
('T-20181027-0654', '2018-10-27', 'Laptop Axioo', 5200000, 1, 5200000),
('T-20181027-0655', '2018-10-27', 'Harddisk Toshiba 1 TB', 810000, 2, 1620000),
('T-20181027-0656', '2018-10-27', 'Keyboard', 90000, 20, 1800000),
('T-20181027-0657', '2018-10-27', 'Flasddisk', 60000, 15, 900000),
('T-20181027-0658', '2018-10-27', 'Laptop Asus', 7000000, 5, 35000000),
('T-20181027-0659', '2018-10-27', 'Kertas A4', 35000, 2, 70000),
('T-20181027-0660', '2018-10-27', 'Kertas F4', 45000, 5, 225000),
('T-20181027-0661', '2018-10-27', 'Laptop Acer', 5500000, 2, 11000000),
('T-20181027-0662', '2018-10-27', 'Mouse', 140000, 10, 1400000),
('T-20181027-0663', '2018-10-27', 'Flasddisk Toshiba', 65000, 20, 1300000),
('T-20181027-0664', '2018-10-27', 'Kabel USB', 25000, 5, 125000),
('T-20181027-0665', '2018-10-27', 'Printer Canon', 1550000, 3, 4650000),
('T-20181027-0666', '2018-10-27', 'Komputer', 7500000, 2, 15000000),
('T-20181027-0667', '2018-10-27', 'Laptop Axioo', 5200000, 1, 5200000),
('T-20181027-0668', '2018-10-27', 'Harddisk Toshiba 1 TB', 810000, 2, 1620000),
('T-20181027-0669', '2018-10-27', 'Keyboard', 90000, 20, 1800000),
('T-20181027-0670', '2018-10-27', 'Flasddisk', 60000, 15, 900000),
('T-20181027-0671', '2018-10-27', 'Laptop Asus', 7000000, 5, 35000000),
('T-20181027-0672', '2018-10-27', 'Kertas A4', 35000, 2, 70000),
('T-20181027-0673', '2018-10-27', 'Kertas F4', 45000, 5, 225000),
('T-20181027-0674', '2018-10-27', 'Laptop Acer', 5500000, 2, 11000000),
('T-20181027-0675', '2018-10-27', 'Mouse', 140000, 10, 1400000),
('T-20181027-0676', '2018-10-27', 'Flasddisk Toshiba', 65000, 20, 1300000),
('T-20181027-0677', '2018-10-27', 'Kabel USB', 25000, 5, 125000),
('T-20181027-0678', '2018-10-27', 'Printer Canon', 1550000, 3, 4650000),
('T-20181027-0679', '2018-10-27', 'Komputer', 7500000, 2, 15000000),
('T-20181027-0680', '2018-10-27', 'Laptop Axioo', 5200000, 1, 5200000),
('T-20181027-0681', '2018-10-27', 'Harddisk Toshiba 1 TB', 810000, 2, 1620000),
('T-20181027-0682', '2018-10-27', 'Keyboard', 90000, 20, 1800000),
('T-20181027-0683', '2018-10-27', 'Flasddisk', 60000, 15, 900000),
('T-20181027-0684', '2018-10-27', 'Laptop Asus', 7000000, 5, 35000000),
('T-20181027-0685', '2018-10-27', 'Kertas A4', 35000, 2, 70000),
('T-20181027-0686', '2018-10-27', 'Kertas F4', 45000, 5, 225000),
('T-20181027-0687', '2018-10-27', 'Laptop Acer', 5500000, 2, 11000000),
('T-20181027-0688', '2018-10-27', 'Mouse', 140000, 10, 1400000),
('T-20181027-0689', '2018-10-27', 'Flasddisk Toshiba', 65000, 20, 1300000),
('T-20181027-0690', '2018-10-27', 'Kabel USB', 25000, 5, 125000),
('T-20181027-0691', '2018-10-27', 'Printer Canon', 1550000, 3, 4650000),
('T-20181027-0692', '2018-10-27', 'Komputer', 7500000, 2, 15000000),
('T-20181027-0693', '2018-10-27', 'Laptop Axioo', 5200000, 1, 5200000),
('T-20181027-0694', '2018-10-27', 'Harddisk Toshiba 1 TB', 810000, 2, 1620000),
('T-20181027-0695', '2018-10-27', 'Keyboard', 90000, 20, 1800000),
('T-20181027-0696', '2018-10-27', 'Flasddisk', 60000, 15, 900000),
('T-20181027-0697', '2018-10-27', 'Laptop Asus', 7000000, 5, 35000000),
('T-20181027-0698', '2018-10-27', 'Kertas A4', 35000, 2, 70000),
('T-20181027-0699', '2018-10-27', 'Kertas F4', 45000, 5, 225000),
('T-20181027-0700', '2018-10-27', 'Laptop Acer', 5500000, 2, 11000000),
('T-20181027-0701', '2018-10-27', 'Mouse', 140000, 10, 1400000),
('T-20181027-0702', '2018-10-27', 'Flasddisk Toshiba', 65000, 20, 1300000),
('T-20181027-0703', '2018-10-27', 'Kabel USB', 25000, 5, 125000),
('T-20181027-0704', '2018-10-27', 'Printer Canon', 1550000, 3, 4650000),
('T-20181027-0705', '2018-10-27', 'Komputer', 7500000, 2, 15000000),
('T-20181027-0706', '2018-10-27', 'Laptop Axioo', 5200000, 1, 5200000),
('T-20181027-0707', '2018-10-27', 'Harddisk Toshiba 1 TB', 810000, 2, 1620000),
('T-20181027-0708', '2018-10-27', 'Keyboard', 90000, 20, 1800000),
('T-20181027-0709', '2018-10-27', 'Flasddisk', 60000, 15, 900000),
('T-20181027-0710', '2018-10-27', 'Laptop Asus', 7000000, 5, 35000000),
('T-20181027-0711', '2018-10-27', 'Kertas A4', 35000, 2, 70000),
('T-20181027-0712', '2018-10-27', 'Kertas F4', 45000, 5, 225000),
('T-20181027-0713', '2018-10-27', 'Laptop Acer', 5500000, 2, 11000000),
('T-20181027-0714', '2018-10-27', 'Komputer', 7500000, 2, 15000000),
('T-20181027-0715', '2018-10-27', 'Laptop Axioo', 5200000, 1, 5200000),
('T-20181027-0716', '2018-10-27', 'Harddisk Toshiba 1 TB', 810000, 2, 1620000),
('T-20181027-0717', '2018-10-27', 'Keyboard', 90000, 20, 1800000),
('T-20181027-0718', '2018-10-27', 'Flasddisk', 60000, 15, 900000),
('T-20181027-0719', '2018-10-27', 'Laptop Asus', 7000000, 5, 35000000),
('T-20181027-0720', '2018-10-27', 'Kertas A4', 35000, 2, 70000),
('T-20181027-0721', '2018-10-27', 'Kertas F4', 45000, 5, 225000),
('T-20181027-0722', '2018-10-27', 'Laptop Acer', 5500000, 2, 11000000),
('T-20181027-0723', '2018-10-27', 'Mouse', 140000, 10, 1400000),
('T-20181027-0724', '2018-10-27', 'Flasddisk Toshiba', 65000, 20, 1300000),
('T-20181027-0725', '2018-10-27', 'Kabel USB', 25000, 5, 125000),
('T-20181027-0726', '2018-10-27', 'Printer Canon', 1550000, 3, 4650000),
('T-20181027-0727', '2018-10-27', 'Komputer', 7500000, 2, 15000000),
('T-20181027-0728', '2018-10-27', 'Laptop Axioo', 5200000, 1, 5200000),
('T-20181027-0729', '2018-10-27', 'Harddisk Toshiba 1 TB', 810000, 2, 1620000),
('T-20181027-0730', '2018-10-27', 'Keyboard', 90000, 20, 1800000),
('T-20181027-0731', '2018-10-27', 'Flasddisk', 60000, 15, 900000),
('T-20181027-0732', '2018-10-27', 'Laptop Asus', 7000000, 5, 35000000),
('T-20181027-0733', '2018-10-27', 'Kertas A4', 35000, 2, 70000);
INSERT INTO `transaksi` (`id_transaksi`, `tanggal`, `nama_barang`, `harga_barang`, `jumlah_beli`, `total_bayar`) VALUES
('T-20181027-0734', '2018-10-27', 'Kertas F4', 45000, 5, 225000),
('T-20181027-0735', '2018-10-27', 'Laptop Acer', 5500000, 2, 11000000),
('T-20181027-0736', '2018-10-27', 'Mouse', 140000, 10, 1400000),
('T-20181027-0737', '2018-10-27', 'Flasddisk Toshiba', 65000, 20, 1300000),
('T-20181027-0738', '2018-10-27', 'Kabel USB', 25000, 5, 125000),
('T-20181027-0739', '2018-10-27', 'Printer Canon', 1550000, 3, 4650000),
('T-20181027-0740', '2018-10-27', 'Komputer', 7500000, 2, 15000000),
('T-20181027-0741', '2018-10-27', 'Laptop Axioo', 5200000, 1, 5200000),
('T-20181027-0742', '2018-10-27', 'Harddisk Toshiba 1 TB', 810000, 2, 1620000),
('T-20181027-0743', '2018-10-27', 'Keyboard', 90000, 20, 1800000),
('T-20181027-0744', '2018-10-27', 'Flasddisk', 60000, 15, 900000),
('T-20181027-0745', '2018-10-27', 'Laptop Asus', 7000000, 5, 35000000),
('T-20181027-0746', '2018-10-27', 'Kertas A4', 35000, 2, 70000),
('T-20181027-0747', '2018-10-27', 'Kertas F4', 45000, 5, 225000),
('T-20181027-0748', '2018-10-27', 'Laptop Acer', 5500000, 2, 11000000),
('T-20181027-0749', '2018-10-27', 'Mouse', 140000, 10, 1400000),
('T-20181027-0750', '2018-10-27', 'Flasddisk Toshiba', 65000, 20, 1300000),
('T-20181027-0751', '2018-10-27', 'Kabel USB', 25000, 5, 125000),
('T-20181027-0752', '2018-10-27', 'Printer Canon', 1550000, 3, 4650000),
('T-20181027-0753', '2018-10-27', 'Komputer', 7500000, 2, 15000000),
('T-20181027-0754', '2018-10-27', 'Laptop Axioo', 5200000, 1, 5200000),
('T-20181027-0755', '2018-10-27', 'Harddisk Toshiba 1 TB', 810000, 2, 1620000),
('T-20181027-0756', '2018-10-27', 'Keyboard', 90000, 20, 1800000),
('T-20181027-0757', '2018-10-27', 'Flasddisk', 60000, 15, 900000),
('T-20181027-0758', '2018-10-27', 'Laptop Asus', 7000000, 5, 35000000),
('T-20181027-0759', '2018-10-27', 'Kertas A4', 35000, 2, 70000),
('T-20181027-0760', '2018-10-27', 'Kertas F4', 45000, 5, 225000),
('T-20181027-0761', '2018-10-27', 'Laptop Acer', 5500000, 2, 11000000),
('T-20181027-0762', '2018-10-27', 'Mouse', 140000, 10, 1400000),
('T-20181027-0763', '2018-10-27', 'Flasddisk Toshiba', 65000, 20, 1300000),
('T-20181027-0764', '2018-10-27', 'Kabel USB', 25000, 5, 125000),
('T-20181027-0765', '2018-10-27', 'Printer Canon', 1550000, 3, 4650000),
('T-20181027-0766', '2018-10-27', 'Komputer', 7500000, 2, 15000000),
('T-20181027-0767', '2018-10-27', 'Laptop Axioo', 5200000, 1, 5200000),
('T-20181027-0768', '2018-10-27', 'Harddisk Toshiba 1 TB', 810000, 2, 1620000),
('T-20181027-0769', '2018-10-27', 'Keyboard', 90000, 20, 1800000),
('T-20181027-0770', '2018-10-27', 'Flasddisk', 60000, 15, 900000),
('T-20181027-0771', '2018-10-27', 'Laptop Asus', 7000000, 5, 35000000),
('T-20181027-0772', '2018-10-27', 'Kertas A4', 35000, 2, 70000),
('T-20181027-0773', '2018-10-27', 'Kertas F4', 45000, 5, 225000),
('T-20181027-0774', '2018-10-27', 'Laptop Acer', 5500000, 2, 11000000),
('T-20181027-0775', '2018-10-27', 'Mouse', 140000, 10, 1400000),
('T-20181027-0776', '2018-10-27', 'Flasddisk Toshiba', 65000, 20, 1300000),
('T-20181027-0777', '2018-10-27', 'Kabel USB', 25000, 5, 125000),
('T-20181027-0778', '2018-10-27', 'Printer Canon', 1550000, 3, 4650000),
('T-20181027-0779', '2018-10-27', 'Komputer', 7500000, 2, 15000000),
('T-20181027-0780', '2018-10-27', 'Laptop Axioo', 5200000, 1, 5200000),
('T-20181027-0781', '2018-10-27', 'Harddisk Toshiba 1 TB', 810000, 2, 1620000),
('T-20181027-0782', '2018-10-27', 'Keyboard', 90000, 20, 1800000),
('T-20181027-0783', '2018-10-27', 'Flasddisk', 60000, 15, 900000),
('T-20181027-0784', '2018-10-27', 'Laptop Asus', 7000000, 5, 35000000),
('T-20181027-0785', '2018-10-27', 'Kertas A4', 35000, 2, 70000),
('T-20181027-0786', '2018-10-27', 'Kertas F4', 45000, 5, 225000),
('T-20181027-0787', '2018-10-27', 'Laptop Acer', 5500000, 2, 11000000),
('T-20181027-0788', '2018-10-27', 'Mouse', 140000, 10, 1400000),
('T-20181027-0789', '2018-10-27', 'Flasddisk Toshiba', 65000, 20, 1300000),
('T-20181027-0790', '2018-10-27', 'Kabel USB', 25000, 5, 125000),
('T-20181027-0791', '2018-10-27', 'Printer Canon', 1550000, 3, 4650000),
('T-20181027-0792', '2018-10-27', 'Komputer', 7500000, 2, 15000000),
('T-20181027-0793', '2018-10-27', 'Laptop Axioo', 5200000, 1, 5200000),
('T-20181027-0794', '2018-10-27', 'Harddisk Toshiba 1 TB', 810000, 2, 1620000),
('T-20181027-0795', '2018-10-27', 'Keyboard', 90000, 20, 1800000),
('T-20181027-0796', '2018-10-27', 'Flasddisk', 60000, 15, 900000),
('T-20181027-0797', '2018-10-27', 'Laptop Asus', 7000000, 5, 35000000),
('T-20181027-0798', '2018-10-27', 'Kertas A4', 35000, 2, 70000),
('T-20181027-0799', '2018-10-27', 'Kertas F4', 45000, 5, 225000),
('T-20181027-0800', '2018-10-27', 'Laptop Acer', 5500000, 2, 11000000),
('T-20181027-0801', '2018-10-27', 'Mouse', 140000, 10, 1400000),
('T-20181027-0802', '2018-10-27', 'Flasddisk Toshiba', 65000, 20, 1300000),
('T-20181027-0803', '2018-10-27', 'Kabel USB', 25000, 5, 125000),
('T-20181027-0804', '2018-10-27', 'Printer Canon', 1550000, 3, 4650000),
('T-20181027-0805', '2018-10-27', 'Komputer', 7500000, 2, 15000000),
('T-20181027-0806', '2018-10-27', 'Laptop Axioo', 5200000, 1, 5200000),
('T-20181027-0807', '2018-10-27', 'Harddisk Toshiba 1 TB', 810000, 2, 1620000),
('T-20181027-0808', '2018-10-27', 'Keyboard', 90000, 20, 1800000),
('T-20181027-0809', '2018-10-27', 'Flasddisk', 60000, 15, 900000),
('T-20181027-0810', '2018-10-27', 'Laptop Asus', 7000000, 5, 35000000),
('T-20181027-0811', '2018-10-27', 'Kertas A4', 35000, 2, 70000),
('T-20181027-0812', '2018-10-27', 'Kertas F4', 45000, 5, 225000),
('T-20181027-0813', '2018-10-27', 'Laptop Acer', 5500000, 2, 11000000),
('T-20181027-0814', '2018-10-27', 'Komputer', 7500000, 2, 15000000),
('T-20181027-0815', '2018-10-27', 'Laptop Axioo', 5200000, 1, 5200000),
('T-20181027-0816', '2018-10-27', 'Harddisk Toshiba 1 TB', 810000, 2, 1620000),
('T-20181027-0817', '2018-10-27', 'Keyboard', 90000, 20, 1800000),
('T-20181027-0818', '2018-10-27', 'Flasddisk', 60000, 15, 900000),
('T-20181027-0819', '2018-10-27', 'Laptop Asus', 7000000, 5, 35000000),
('T-20181027-0820', '2018-10-27', 'Kertas A4', 35000, 2, 70000),
('T-20181027-0821', '2018-10-27', 'Kertas F4', 45000, 5, 225000),
('T-20181027-0822', '2018-10-27', 'Laptop Acer', 5500000, 2, 11000000),
('T-20181027-0823', '2018-10-27', 'Mouse', 140000, 10, 1400000),
('T-20181027-0824', '2018-10-27', 'Flasddisk Toshiba', 65000, 20, 1300000),
('T-20181027-0825', '2018-10-27', 'Kabel USB', 25000, 5, 125000),
('T-20181027-0826', '2018-10-27', 'Printer Canon', 1550000, 3, 4650000),
('T-20181027-0827', '2018-10-27', 'Komputer', 7500000, 2, 15000000),
('T-20181027-0828', '2018-10-27', 'Laptop Axioo', 5200000, 1, 5200000),
('T-20181027-0829', '2018-10-27', 'Harddisk Toshiba 1 TB', 810000, 2, 1620000),
('T-20181027-0830', '2018-10-27', 'Keyboard', 90000, 20, 1800000),
('T-20181027-0831', '2018-10-27', 'Flasddisk', 60000, 15, 900000),
('T-20181027-0832', '2018-10-27', 'Laptop Asus', 7000000, 5, 35000000),
('T-20181027-0833', '2018-10-27', 'Kertas A4', 35000, 2, 70000),
('T-20181027-0834', '2018-10-27', 'Kertas F4', 45000, 5, 225000),
('T-20181027-0835', '2018-10-27', 'Laptop Acer', 5500000, 2, 11000000),
('T-20181027-0836', '2018-10-27', 'Mouse', 140000, 10, 1400000),
('T-20181027-0837', '2018-10-27', 'Flasddisk Toshiba', 65000, 20, 1300000),
('T-20181027-0838', '2018-10-27', 'Kabel USB', 25000, 5, 125000),
('T-20181027-0839', '2018-10-27', 'Printer Canon', 1550000, 3, 4650000),
('T-20181027-0840', '2018-10-27', 'Komputer', 7500000, 2, 15000000),
('T-20181027-0841', '2018-10-27', 'Laptop Axioo', 5200000, 1, 5200000),
('T-20181027-0842', '2018-10-27', 'Harddisk Toshiba 1 TB', 810000, 2, 1620000),
('T-20181027-0843', '2018-10-27', 'Keyboard', 90000, 20, 1800000),
('T-20181027-0844', '2018-10-27', 'Flasddisk', 60000, 15, 900000),
('T-20181027-0845', '2018-10-27', 'Laptop Asus', 7000000, 5, 35000000),
('T-20181027-0846', '2018-10-27', 'Kertas A4', 35000, 2, 70000),
('T-20181027-0847', '2018-10-27', 'Kertas F4', 45000, 5, 225000),
('T-20181027-0848', '2018-10-27', 'Laptop Acer', 5500000, 2, 11000000),
('T-20181027-0849', '2018-10-27', 'Mouse', 140000, 10, 1400000),
('T-20181027-0850', '2018-10-27', 'Flasddisk Toshiba', 65000, 20, 1300000),
('T-20181027-0851', '2018-10-27', 'Kabel USB', 25000, 5, 125000),
('T-20181027-0852', '2018-10-27', 'Printer Canon', 1550000, 3, 4650000),
('T-20181027-0853', '2018-10-27', 'Komputer', 7500000, 2, 15000000),
('T-20181027-0854', '2018-10-27', 'Laptop Axioo', 5200000, 1, 5200000),
('T-20181027-0855', '2018-10-27', 'Harddisk Toshiba 1 TB', 810000, 2, 1620000),
('T-20181027-0856', '2018-10-27', 'Keyboard', 90000, 20, 1800000),
('T-20181027-0857', '2018-10-27', 'Flasddisk', 60000, 15, 900000),
('T-20181027-0858', '2018-10-27', 'Laptop Asus', 7000000, 5, 35000000),
('T-20181027-0859', '2018-10-27', 'Kertas A4', 35000, 2, 70000),
('T-20181027-0860', '2018-10-27', 'Kertas F4', 45000, 5, 225000),
('T-20181027-0861', '2018-10-27', 'Laptop Acer', 5500000, 2, 11000000),
('T-20181027-0862', '2018-10-27', 'Mouse', 140000, 10, 1400000),
('T-20181027-0863', '2018-10-27', 'Flasddisk Toshiba', 65000, 20, 1300000),
('T-20181027-0864', '2018-10-27', 'Kabel USB', 25000, 5, 125000),
('T-20181027-0865', '2018-10-27', 'Printer Canon', 1550000, 3, 4650000),
('T-20181027-0866', '2018-10-27', 'Komputer', 7500000, 2, 15000000),
('T-20181027-0867', '2018-10-27', 'Laptop Axioo', 5200000, 1, 5200000),
('T-20181027-0868', '2018-10-27', 'Harddisk Toshiba 1 TB', 810000, 2, 1620000),
('T-20181027-0869', '2018-10-27', 'Keyboard', 90000, 20, 1800000),
('T-20181027-0870', '2018-10-27', 'Flasddisk', 60000, 15, 900000),
('T-20181027-0871', '2018-10-27', 'Laptop Asus', 7000000, 5, 35000000),
('T-20181027-0872', '2018-10-27', 'Kertas A4', 35000, 2, 70000),
('T-20181027-0873', '2018-10-27', 'Kertas F4', 45000, 5, 225000),
('T-20181027-0874', '2018-10-27', 'Laptop Acer', 5500000, 2, 11000000),
('T-20181027-0875', '2018-10-27', 'Mouse', 140000, 10, 1400000),
('T-20181027-0876', '2018-10-27', 'Flasddisk Toshiba', 65000, 20, 1300000),
('T-20181027-0877', '2018-10-27', 'Kabel USB', 25000, 5, 125000),
('T-20181027-0878', '2018-10-27', 'Printer Canon', 1550000, 3, 4650000),
('T-20181027-0879', '2018-10-27', 'Komputer', 7500000, 2, 15000000),
('T-20181027-0880', '2018-10-27', 'Laptop Axioo', 5200000, 1, 5200000),
('T-20181027-0881', '2018-10-27', 'Harddisk Toshiba 1 TB', 810000, 2, 1620000),
('T-20181027-0882', '2018-10-27', 'Keyboard', 90000, 20, 1800000),
('T-20181027-0883', '2018-10-27', 'Flasddisk', 60000, 15, 900000),
('T-20181027-0884', '2018-10-27', 'Laptop Asus', 7000000, 5, 35000000),
('T-20181027-0885', '2018-10-27', 'Kertas A4', 35000, 2, 70000),
('T-20181027-0886', '2018-10-27', 'Kertas F4', 45000, 5, 225000),
('T-20181027-0887', '2018-10-27', 'Laptop Acer', 5500000, 2, 11000000),
('T-20181027-0888', '2018-10-27', 'Mouse', 140000, 10, 1400000),
('T-20181027-0889', '2018-10-27', 'Flasddisk Toshiba', 65000, 20, 1300000),
('T-20181027-0890', '2018-10-27', 'Kabel USB', 25000, 5, 125000),
('T-20181027-0891', '2018-10-27', 'Printer Canon', 1550000, 3, 4650000),
('T-20181027-0892', '2018-10-27', 'Komputer', 7500000, 2, 15000000),
('T-20181027-0893', '2018-10-27', 'Laptop Axioo', 5200000, 1, 5200000),
('T-20181027-0894', '2018-10-27', 'Harddisk Toshiba 1 TB', 810000, 2, 1620000),
('T-20181027-0895', '2018-10-27', 'Keyboard', 90000, 20, 1800000),
('T-20181027-0896', '2018-10-27', 'Flasddisk', 60000, 15, 900000),
('T-20181027-0897', '2018-10-27', 'Laptop Asus', 7000000, 5, 35000000),
('T-20181027-0898', '2018-10-27', 'Kertas A4', 35000, 2, 70000),
('T-20181027-0899', '2018-10-27', 'Kertas F4', 45000, 5, 225000),
('T-20181027-0900', '2018-10-27', 'Laptop Acer', 5500000, 2, 11000000),
('T-20181027-0901', '2018-10-27', 'Mouse', 140000, 10, 1400000),
('T-20181027-0902', '2018-10-27', 'Flasddisk Toshiba', 65000, 20, 1300000),
('T-20181027-0903', '2018-10-27', 'Kabel USB', 25000, 5, 125000),
('T-20181027-0904', '2018-10-27', 'Printer Canon', 1550000, 3, 4650000),
('T-20181027-0905', '2018-10-27', 'Komputer', 7500000, 2, 15000000),
('T-20181027-0906', '2018-10-27', 'Laptop Axioo', 5200000, 1, 5200000),
('T-20181027-0907', '2018-10-27', 'Harddisk Toshiba 1 TB', 810000, 2, 1620000),
('T-20181027-0908', '2018-10-27', 'Keyboard', 90000, 20, 1800000),
('T-20181027-0909', '2018-10-27', 'Flasddisk', 60000, 15, 900000),
('T-20181027-0910', '2018-10-27', 'Laptop Asus', 7000000, 5, 35000000),
('T-20181027-0911', '2018-10-27', 'Kertas A4', 35000, 2, 70000),
('T-20181027-0912', '2018-10-27', 'Kertas F4', 45000, 5, 225000),
('T-20181027-0913', '2018-10-27', 'Laptop Acer', 5500000, 2, 11000000),
('T-20181027-0914', '2018-10-27', 'Komputer', 7500000, 2, 15000000),
('T-20181027-0915', '2018-10-27', 'Laptop Axioo', 5200000, 1, 5200000),
('T-20181027-0916', '2018-10-27', 'Harddisk Toshiba 1 TB', 810000, 2, 1620000),
('T-20181027-0917', '2018-10-27', 'Keyboard', 90000, 20, 1800000),
('T-20181027-0918', '2018-10-27', 'Flasddisk', 60000, 15, 900000),
('T-20181027-0919', '2018-10-27', 'Laptop Asus', 7000000, 5, 35000000),
('T-20181027-0920', '2018-10-27', 'Kertas A4', 35000, 2, 70000),
('T-20181027-0921', '2018-10-27', 'Kertas F4', 45000, 5, 225000),
('T-20181027-0922', '2018-10-27', 'Laptop Acer', 5500000, 2, 11000000),
('T-20181027-0923', '2018-10-27', 'Mouse', 140000, 10, 1400000),
('T-20181027-0924', '2018-10-27', 'Flasddisk Toshiba', 65000, 20, 1300000),
('T-20181027-0925', '2018-10-27', 'Kabel USB', 25000, 5, 125000),
('T-20181027-0926', '2018-10-27', 'Printer Canon', 1550000, 3, 4650000),
('T-20181027-0927', '2018-10-27', 'Komputer', 7500000, 2, 15000000),
('T-20181027-0928', '2018-10-27', 'Laptop Axioo', 5200000, 1, 5200000),
('T-20181027-0929', '2018-10-27', 'Harddisk Toshiba 1 TB', 810000, 2, 1620000),
('T-20181027-0930', '2018-10-27', 'Keyboard', 90000, 20, 1800000),
('T-20181027-0931', '2018-10-27', 'Flasddisk', 60000, 15, 900000),
('T-20181027-0932', '2018-10-27', 'Laptop Asus', 7000000, 5, 35000000),
('T-20181027-0933', '2018-10-27', 'Kertas A4', 35000, 2, 70000),
('T-20181027-0934', '2018-10-27', 'Kertas F4', 45000, 5, 225000),
('T-20181027-0935', '2018-10-27', 'Laptop Acer', 5500000, 2, 11000000),
('T-20181027-0936', '2018-10-27', 'Mouse', 140000, 10, 1400000),
('T-20181027-0937', '2018-10-27', 'Flasddisk Toshiba', 65000, 20, 1300000),
('T-20181027-0938', '2018-10-27', 'Kabel USB', 25000, 5, 125000),
('T-20181027-0939', '2018-10-27', 'Printer Canon', 1550000, 3, 4650000),
('T-20181027-0940', '2018-10-27', 'Komputer', 7500000, 2, 15000000),
('T-20181027-0941', '2018-10-27', 'Laptop Axioo', 5200000, 1, 5200000),
('T-20181027-0942', '2018-10-27', 'Harddisk Toshiba 1 TB', 810000, 2, 1620000),
('T-20181027-0943', '2018-10-27', 'Keyboard', 90000, 20, 1800000),
('T-20181027-0944', '2018-10-27', 'Flasddisk', 60000, 15, 900000),
('T-20181027-0945', '2018-10-27', 'Laptop Asus', 7000000, 5, 35000000),
('T-20181027-0946', '2018-10-27', 'Kertas A4', 35000, 2, 70000),
('T-20181027-0947', '2018-10-27', 'Kertas F4', 45000, 5, 225000),
('T-20181027-0948', '2018-10-27', 'Laptop Acer', 5500000, 2, 11000000),
('T-20181027-0949', '2018-10-27', 'Mouse', 140000, 10, 1400000),
('T-20181027-0950', '2018-10-27', 'Flasddisk Toshiba', 65000, 20, 1300000),
('T-20181027-0951', '2018-10-27', 'Kabel USB', 25000, 5, 125000),
('T-20181027-0952', '2018-10-27', 'Printer Canon', 1550000, 3, 4650000),
('T-20181027-0953', '2018-10-27', 'Komputer', 7500000, 2, 15000000),
('T-20181027-0954', '2018-10-27', 'Laptop Axioo', 5200000, 1, 5200000),
('T-20181027-0955', '2018-10-27', 'Harddisk Toshiba 1 TB', 810000, 2, 1620000),
('T-20181027-0956', '2018-10-27', 'Keyboard', 90000, 20, 1800000),
('T-20181027-0957', '2018-10-27', 'Flasddisk', 60000, 15, 900000),
('T-20181027-0958', '2018-10-27', 'Laptop Asus', 7000000, 5, 35000000),
('T-20181027-0959', '2018-10-27', 'Kertas A4', 35000, 2, 70000),
('T-20181027-0960', '2018-10-27', 'Kertas F4', 45000, 5, 225000),
('T-20181027-0961', '2018-10-27', 'Laptop Acer', 5500000, 2, 11000000),
('T-20181027-0962', '2018-10-27', 'Mouse', 140000, 10, 1400000),
('T-20181027-0963', '2018-10-27', 'Flasddisk Toshiba', 65000, 20, 1300000),
('T-20181027-0964', '2018-10-27', 'Kabel USB', 25000, 5, 125000),
('T-20181027-0965', '2018-10-27', 'Printer Canon', 1550000, 3, 4650000),
('T-20181027-0966', '2018-10-27', 'Komputer', 7500000, 2, 15000000),
('T-20181027-0967', '2018-10-27', 'Laptop Axioo', 5200000, 1, 5200000),
('T-20181027-0968', '2018-10-27', 'Harddisk Toshiba 1 TB', 810000, 2, 1620000),
('T-20181027-0969', '2018-10-27', 'Keyboard', 90000, 20, 1800000),
('T-20181027-0970', '2018-10-27', 'Flasddisk', 60000, 15, 900000),
('T-20181027-0971', '2018-10-27', 'Laptop Asus', 7000000, 5, 35000000),
('T-20181027-0972', '2018-10-27', 'Kertas A4', 35000, 2, 70000),
('T-20181027-0973', '2018-10-27', 'Kertas F4', 45000, 5, 225000),
('T-20181027-0974', '2018-10-27', 'Laptop Acer', 5500000, 2, 11000000),
('T-20181027-0975', '2018-10-27', 'Mouse', 140000, 10, 1400000),
('T-20181027-0976', '2018-10-27', 'Flasddisk Toshiba', 65000, 20, 1300000),
('T-20181027-0977', '2018-10-27', 'Kabel USB', 25000, 5, 125000),
('T-20181027-0978', '2018-10-27', 'Printer HP Laserjet', 1550000, 3, 4650000),
('T-20181027-0979', '2018-10-27', 'Komputer', 7500000, 2, 15000000),
('T-20181027-0980', '2018-10-27', 'Laptop Axioo', 5200000, 1, 5200000),
('T-20181027-0981', '2018-10-27', 'Harddisk Toshiba 1 TB', 810000, 2, 1620000),
('T-20181027-0982', '2018-10-27', 'Keyboard', 90000, 20, 1800000),
('T-20181027-0983', '2018-10-27', 'Flasddisk', 60000, 15, 900000),
('T-20181027-0984', '2018-10-27', 'Laptop HP', 7000000, 5, 35000000),
('T-20181027-0985', '2018-10-27', 'Kertas A4', 35000, 2, 70000),
('T-20181027-0986', '2018-10-27', 'Kertas F4', 45000, 5, 225000),
('T-20181027-0987', '2018-10-27', 'Laptop Acer', 5500000, 2, 11000000),
('T-20181027-0988', '2018-10-27', 'Mouse', 140000, 10, 1400000),
('T-20181027-0989', '2018-10-27', 'Flasddisk Toshiba', 65000, 20, 1300000),
('T-20181027-0990', '2018-10-27', 'Kabel USB', 25000, 5, 125000),
('T-20181027-0991', '2018-10-27', 'Printer Canon', 1550000, 3, 4650000),
('T-20181027-0992', '2018-10-27', 'Komputer', 7500000, 2, 15000000),
('T-20181027-0993', '2018-10-27', 'Laptop Axioo', 5200000, 1, 5200000),
('T-20181027-0994', '2018-10-27', 'Harddisk Toshiba 1 TB', 810000, 2, 1620000),
('T-20181027-0995', '2018-10-27', 'Keyboard', 90000, 20, 1800000),
('T-20181027-0996', '2018-10-27', 'Flasddisk SanDisk', 110000, 5, 550000),
('T-20181027-0997', '2018-10-27', 'Laptop MSI', 7000000, 5, 35000000),
('T-20181027-0998', '2018-10-27', 'Harddisk External Seagate 1 TB', 850000, 2, 1700000),
('T-20181027-0999', '2018-10-27', 'Harddisk External Seagate 2 TB', 1150000, 1, 1150000),
('T-20181027-1000', '2018-10-27', 'Laptop Asus ROG', 5000000, 2, 10000000);

-- --------------------------------------------------------

--
-- Struktur dari tabel `users`
--

CREATE TABLE `users` (
  `id` int(11) NOT NULL,
  `username` varchar(50) NOT NULL,
  `password` varchar(255) NOT NULL,
  `created_at` datetime DEFAULT current_timestamp()
) ENGINE=InnoDB DEFAULT CHARSET=latin1;

--
-- Dumping data untuk tabel `users`
--

INSERT INTO `users` (`id`, `username`, `password`, `created_at`) VALUES
(1, 'juang', '$2y$10$JQ1kurQS1ogRYJ1khNUY0exZOR2mUJjcWOv0p60i8y6.96WfHHlim', '2021-09-14 10:25:06'),
(2, 'juangsabit', '$2y$10$IRZvEg2Z1BqXZdSgjjBAguotiPITwE79NsTf/NQ.lMj7KGHGsSIAO', '2021-12-09 08:49:43');

--
-- Indexes for dumped tables
--

--
-- Indeks untuk tabel `line`
--
ALTER TABLE `line`
  ADD PRIMARY KEY (`id`);

--
-- Indeks untuk tabel `log`
--
ALTER TABLE `log`
  ADD PRIMARY KEY (`id`);

--
-- Indeks untuk tabel `model`
--
ALTER TABLE `model`
  ADD PRIMARY KEY (`id`),
  ADD KEY `model_ibfk_1` (`line_id`);

--
-- Indeks untuk tabel `request`
--
ALTER TABLE `request`
  ADD PRIMARY KEY (`id`),
  ADD KEY `model_id` (`model_id`);

--
-- Indeks untuk tabel `transaksi`
--
ALTER TABLE `transaksi`
  ADD PRIMARY KEY (`id_transaksi`);

--
-- Indeks untuk tabel `users`
--
ALTER TABLE `users`
  ADD PRIMARY KEY (`id`),
  ADD UNIQUE KEY `username` (`username`);

--
-- AUTO_INCREMENT untuk tabel yang dibuang
--

--
-- AUTO_INCREMENT untuk tabel `line`
--
ALTER TABLE `line`
  MODIFY `id` int(11) NOT NULL AUTO_INCREMENT, AUTO_INCREMENT=6;

--
-- AUTO_INCREMENT untuk tabel `log`
--
ALTER TABLE `log`
  MODIFY `id` int(11) NOT NULL AUTO_INCREMENT, AUTO_INCREMENT=132;

--
-- AUTO_INCREMENT untuk tabel `model`
--
ALTER TABLE `model`
  MODIFY `id` int(11) NOT NULL AUTO_INCREMENT, AUTO_INCREMENT=16;

--
-- AUTO_INCREMENT untuk tabel `request`
--
ALTER TABLE `request`
  MODIFY `id` int(11) NOT NULL AUTO_INCREMENT, AUTO_INCREMENT=28;

--
-- AUTO_INCREMENT untuk tabel `users`
--
ALTER TABLE `users`
  MODIFY `id` int(11) NOT NULL AUTO_INCREMENT, AUTO_INCREMENT=3;

--
-- Ketidakleluasaan untuk tabel pelimpahan (Dumped Tables)
--

--
-- Ketidakleluasaan untuk tabel `model`
--
ALTER TABLE `model`
  ADD CONSTRAINT `model_ibfk_1` FOREIGN KEY (`line_id`) REFERENCES `line` (`id`) ON DELETE CASCADE ON UPDATE CASCADE;

--
-- Ketidakleluasaan untuk tabel `request`
--
ALTER TABLE `request`
  ADD CONSTRAINT `request_ibfk_1` FOREIGN KEY (`model_id`) REFERENCES `model` (`id`) ON DELETE NO ACTION ON UPDATE NO ACTION;
COMMIT;

/*!40101 SET CHARACTER_SET_CLIENT=@OLD_CHARACTER_SET_CLIENT */;
/*!40101 SET CHARACTER_SET_RESULTS=@OLD_CHARACTER_SET_RESULTS */;
/*!40101 SET COLLATION_CONNECTION=@OLD_COLLATION_CONNECTION */;
